f0,f1,f2,f3,f4,f5,f6,f7,f8,f9,f10,f11,f12,f13,f14,f15,f16,f17,f18,f19,f20,f21,f22,f23,f24,f25,f26,f27,f28,f29,f30,f31,f32,f33,f34,f35,f36,f37,f38,f39,f40,f41,f42,f43,f44,f45,f46,f47,f48,f49,f50,f51,f52,f53,f54,f55,f56,f57,f58,f59,f60,f61,f62,f63,f64,f65,f66,f67,f68,f69,f70,f71,f72,f73,f74,f75,label
0.0,0.0,0.0,0.0,0.0,0.0,0.0,0.0,0.0,0.0,0.0,0.0,0.0,0.0,0.0,0.0,0.28086499827508915,0.09042775261903978,0.07758419623914407,0.07306686502236111,0.024344064721839236,0.023472931420476913,0.0014693002542603107,0.029105674976687087,0.008214521396181772,0.05939448992183936,0.036292463001940896,0.025942756423606494,0.07443273171665095,0.025101341702356193,0.037832566495024304,1.0,0.0,0.0,0.0,-0.8481122700310931,0.009325722186348494,0.8324115241060845,0.0,0.0,0.0,0.0,0.0,0.0,0.0,0.0,0.0,0.0,0.0,0.0,0.0,0.0,0.0,0.0,0.0,0.0,0.0,0.0,0.0,0.0,0.0,0.0,0.0,0.0,0.0,0.0,0.0,0.0,0.0,0.0,0.0,0.0,0.0,0.0,0.6720355475744907,0.6358888538650069,구기다
0.0,0.0,0.0,0.0,0.0,0.0,0.0,0.0,0.0,0.0,0.0,0.0,0.0,0.0,0.0,0.0,0.0931186013212547,0.11597470651854482,0.5248298418240247,0.05477024320100389,0.4619456811804786,0.571287298871286,0.33959490782501905,0.4746561756820041,0.22728221086474046,0.23512065829877402,0.34062863728741066,0.4051526254990979,0.46914466010102257,0.7637062461278862,0.6814827410792821,1.0,0.0,0.0,0.0,-0.8506660771780492,0.018259012669127335,0.8370750864805911,0.0,0.0,0.0,0.0,0.0,0.0,0.0,0.0,0.0,0.0,0.0,0.0,0.0,0.0,0.0,0.0,0.0,0.0,0.0,0.0,0.0,0.0,0.0,0.0,0.0,0.0,0.0,0.0,0.0,0.0,0.0,0.0,0.0,0.0,0.0,0.0,0.6720355475744907,0.6358888538650069,구기다
0.0,0.0,0.0,0.0,0.0,0.0,0.0,0.0,0.0,0.0,0.0,0.0,0.0,0.0,0.0,0.0,0.30152642621552667,0.07940284772616155,0.15471412378199012,0.22090209885132972,0.29428825850223617,0.07597878332068377,0.10365058128254753,0.06126818550451949,0.4697300394312893,0.0720907204228829,0.1886987864444198,0.2905492039818543,0.2867690317343222,0.1408593889962801,0.13237079501026872,1.0,0.0,0.0,0.0,-0.8223071558091841,0.0468972946469093,0.8278442374280215,0.0,0.0,0.0,0.0,0.0,0.0,0.0,0.0,0.0,0.0,0.0,0.0,0.0,0.0,0.0,0.0,0.0,0.0,0.0,0.0,0.0,0.0,0.0,0.0,0.0,0.0,0.0,0.0,0.0,0.0,0.0,0.0,0.0,0.0,0.0,0.0,0.6720355475744907,0.6358888538650069,구기다
0.0,0.0,0.0,0.0,0.0,0.0,0.0,0.0,0.0,0.0,0.0,0.0,0.0,0.0,0.0,0.0,0.4971992073053577,0.397141393487602,0.18366663480953513,0.36183026775313626,0.08995905914635924,0.49615430341657457,0.0725172702512482,0.1710587870519081,0.07822523457390435,0.022276531688676528,0.5071388784570283,0.20359961793499237,0.2955218589155064,0.3727439869349056,0.42952572571566,1.0,0.0,0.0,0.0,-0.8313757027590454,0.06622128729194171,0.8297742520561289,0.0,0.0,0.0,0.0,0.0,0.0,0.0,0.0,0.0,0.0,0.0,0.0,0.0,0.0,0.0,0.0,0.0,0.0,0.0,0.0,0.0,0.0,0.0,0.0,0.0,0.0,0.0,0.0,0.0,0.0,0.0,0.0,0.0,0.0,0.0,0.0,0.6720355475744907,0.6358888538650069,구기다
0.0,0.0,0.0,0.0,0.0,0.0,0.0,0.0,0.0,0.0,0.0,0.0,0.0,0.0,0.0,0.0,0.3474447020760838,0.2867548349991875,0.09459444107578523,0.16138474475792544,0.6854162782011491,0.8330464020686194,0.42278747071022266,0.5679237243599935,0.4681307039865774,0.045276837193010434,0.4652624358166978,0.4055883129312753,0.06978038046085497,0.33461878805758855,0.46974093062256317,1.0,0.0,0.0,0.0,-0.8473291546019719,0.060937196802424556,0.8311841910420174,0.0,0.0,0.0,0.0,0.0,0.0,0.0,0.0,0.0,0.0,0.0,0.0,0.0,0.0,0.0,0.0,0.0,0.0,0.0,0.0,0.0,0.0,0.0,0.0,0.0,0.0,0.0,0.0,0.0,0.0,0.0,0.0,0.0,0.0,0.0,0.0,0.6720355475744907,0.6358888538650069,구기다
0.0,0.0,0.0,0.0,0.0,0.0,0.0,0.0,0.0,0.0,0.0,0.0,0.0,0.0,0.0,0.0,0.3015688397404056,0.3075122860926902,0.5838691660822326,0.2055562572725855,0.606954770089097,0.7193307235573017,0.147364420100512,0.7580606189217195,0.7958630434593763,0.2037942775177379,0.49677745955740127,0.02818099681796182,0.14975182977957083,0.616791723630739,0.9746447487082481,1.0,0.0,0.0,0.0,-0.8356051343113453,-0.03022533786945066,0.8307336778381806,0.0,0.0,0.0,0.0,0.0,0.0,0.0,0.0,0.0,0.0,0.0,0.0,0.0,0.0,0.0,0.0,0.0,0.0,0.0,0.0,0.0,0.0,0.0,0.0,0.0,0.0,0.0,0.0,0.0,0.0,0.0,0.0,0.0,0.0,0.0,0.0,0.6720355475744907,0.6358888538650069,구기다
0.0,0.0,0.0,0.0,0.0,0.0,0.0,0.0,0.0,0.0,0.0,0.0,0.0,0.0,0.0,0.0,0.3771514817343772,0.12534035975090113,0.13065610364259994,0.2097968757860886,0.10810947021551104,0.2687418894738777,0.05245305979764604,0.02955948308722611,0.05315386263321855,0.06934001790756239,0.43068090615531496,0.480613367509049,0.37094840350337893,0.504443391836999,0.24478265579833253,1.0,0.0,0.0,0.0,-0.845012072839515,-0.014270869062260468,0.8338383896971324,0.0,0.0,0.0,0.0,0.0,0.0,0.0,0.0,0.0,0.0,0.0,0.0,0.0,0.0,0.0,0.0,0.0,0.0,0.0,0.0,0.0,0.0,0.0,0.0,0.0,0.0,0.0,0.0,0.0,0.0,0.0,0.0,0.0,0.0,0.0,0.0,0.6720355475744907,0.6358888538650069,구기다
0.0,0.0,0.0,0.0,0.0,0.0,0.0,0.0,0.0,0.0,0.0,0.0,0.0,0.0,0.0,0.0,0.14795269496132551,0.34905750040882944,0.44380731684649005,0.1566404085440273,0.25924082141235993,0.48414870971539653,0.03817545007207715,0.11070030799926495,0.7376450502777602,0.41776182055560557,0.38564985009458375,0.15326614811268394,0.1561762801424035,0.5040961851209983,0.4670909981283837,1.0,0.0,0.0,0.0,-0.8604404180267027,0.08141415694655103,0.8374496144886794,0.0,0.0,0.0,0.0,0.0,0.0,0.0,0.0,0.0,0.0,0.0,0.0,0.0,0.0,0.0,0.0,0.0,0.0,0.0,0.0,0.0,0.0,0.0,0.0,0.0,0.0,0.0,0.0,0.0,0.0,0.0,0.0,0.0,0.0,0.0,0.0,0.6720355475744907,0.6358888538650069,구기다
0.0,0.0,0.0,0.0,0.0,0.0,0.0,0.0,0.0,0.0,0.0,0.0,0.0,0.0,0.0,0.0,0.31728746423739196,0.5467910610509752,0.3017670427869,0.5163083683763725,0.838540365522597,0.6211748144963403,0.1136821940678087,0.3291812785707768,0.3796246879586281,0.08655302749438157,0.20227629033494615,0.3833887311790259,0.21408613790741102,0.5733154943445606,0.4936324449559434,1.0,0.0,0.0,0.0,-0.861885799586939,0.05878353818950466,0.8305261331178305,0.0,0.0,0.0,0.0,0.0,0.0,0.0,0.0,0.0,0.0,0.0,0.0,0.0,0.0,0.0,0.0,0.0,0.0,0.0,0.0,0.0,0.0,0.0,0.0,0.0,0.0,0.0,0.0,0.0,0.0,0.0,0.0,0.0,0.0,0.0,0.0,0.6720355475744907,0.6358888538650069,구기다
0.0,0.0,0.0,0.0,0.0,0.0,0.0,0.0,0.0,0.0,0.0,0.0,0.0,0.0,0.0,0.0,0.12658103733175297,0.07250400365833284,0.010353348311437043,0.08685058501419955,0.09474265682889951,0.2682034845241961,0.0419552578217831,0.07678750818002644,0.3893616803235084,0.04130972155522684,0.1709290049398287,0.4501596402543717,0.13291871427530597,0.21045176754529984,0.3343018793945353,1.0,0.0,0.0,0.0,-0.3174178649328818,-0.39329415646711724,0.31107031329810586,0.0,0.0,0.0,0.0,0.0,0.0,0.0,0.0,0.0,0.0,0.0,0.0,0.0,0.0,0.0,0.0,0.0,0.0,0.0,0.0,0.0,0.0,0.0,0.0,0.0,0.0,0.0,0.0,0.0,0.0,0.0,0.0,0.0,0.0,0.0,0.0,0.7120757916664545,0.7147377174306627,구기다
0.0,0.0,0.0,0.0,0.0,0.0,0.0,0.0,0.0,0.0,0.0,0.0,0.0,0.0,0.0,0.0,0.18545712178474894,0.3339421100596723,0.426660159973475,0.09171752451670794,0.07267466426456912,0.9727726080037562,0.19018349564373577,0.48478053519336733,0.2040679450508149,0.06890549286520965,0.7157021249150518,0.02408743288172803,0.1314973313175499,0.4578312569772828,0.855755882696903,1.0,0.0,0.0,0.0,-0.29292525504756295,-0.34081348595773076,0.3447838591927855,0.0,0.0,0.0,0.0,0.0,0.0,0.0,0.0,0.0,0.0,0.0,0.0,0.0,0.0,0.0,0.0,0.0,0.0,0.0,0.0,0.0,0.0,0.0,0.0,0.0,0.0,0.0,0.0,0.0,0.0,0.0,0.0,0.0,0.0,0.0,0.0,0.7120757916664545,0.7147377174306627,구기다
0.0,0.0,0.0,0.0,0.0,0.0,0.0,0.0,0.0,0.0,0.0,0.0,0.0,0.0,0.0,0.0,0.15297161240101437,0.5021514337320137,0.22306324896249413,0.07616631061854692,0.29873551538881793,0.8697477619231029,0.048028307754129036,0.17189398270859194,0.7579510136614139,0.11710505195936095,0.5183034960371078,0.6908171104653678,0.079466993206195,0.14876049025481378,0.7940756026703648,1.0,0.0,0.0,0.0,-0.40983230438008783,-0.4203898064691446,0.30139995393036273,0.0,0.0,0.0,0.0,0.0,0.0,0.0,0.0,0.0,0.0,0.0,0.0,0.0,0.0,0.0,0.0,0.0,0.0,0.0,0.0,0.0,0.0,0.0,0.0,0.0,0.0,0.0,0.0,0.0,0.0,0.0,0.0,0.0,0.0,0.0,0.0,0.7120757916664545,0.7147377174306627,구기다
0.0,0.0,0.0,0.0,0.0,0.0,0.0,0.0,0.0,0.0,0.0,0.0,0.0,0.0,0.0,0.0,0.06112687062150093,0.21017091977870844,0.22874185308393113,0.017998278201281585,0.03669025906978297,0.945318129060774,0.12724963978225656,0.33954388479792097,0.6189391711146003,0.07872093650575174,0.06677701457263209,0.7958670605101557,0.024425775220676106,0.2533652985950391,0.5376851935988266,1.0,0.0,0.0,0.0,-0.35175387764918475,-0.39958751358733646,0.29478097827198085,0.0,0.0,0.0,0.0,0.0,0.0,0.0,0.0,0.0,0.0,0.0,0.0,0.0,0.0,0.0,0.0,0.0,0.0,0.0,0.0,0.0,0.0,0.0,0.0,0.0,0.0,0.0,0.0,0.0,0.0,0.0,0.0,0.0,0.0,0.0,0.0,0.7120757916664545,0.7147377174306627,구기다
0.0,0.0,0.0,0.0,0.0,0.0,0.0,0.0,0.0,0.0,0.0,0.0,0.0,0.0,0.0,0.0,0.1423135768948747,0.19622474375577537,0.23962055582301658,0.049522383781634635,0.24458803995993816,0.9590403721310098,0.07302983574463696,0.20493239806693472,0.4831672338321163,0.023947223820699998,0.18808007617823339,0.6191130143568018,0.3696830007035974,0.33926054565733754,0.8910568330275983,1.0,0.0,0.0,0.0,-0.2899170969756407,-0.4522446776728369,0.31919356947237715,0.0,0.0,0.0,0.0,0.0,0.0,0.0,0.0,0.0,0.0,0.0,0.0,0.0,0.0,0.0,0.0,0.0,0.0,0.0,0.0,0.0,0.0,0.0,0.0,0.0,0.0,0.0,0.0,0.0,0.0,0.0,0.0,0.0,0.0,0.0,0.0,0.7120757916664545,0.7147377174306627,구기다
0.0,0.0,0.0,0.0,0.0,0.0,0.0,0.0,0.0,0.0,0.0,0.0,0.0,0.0,0.0,0.0,0.07163026002376831,0.4174728827347136,0.07585156972306688,0.06380857603911594,0.21561653654460758,0.621206765660114,0.19362899464376077,0.12700336793953296,0.8432776161106803,0.11814992125789006,0.19240782749890076,0.4822376303461155,0.08570458976774016,0.6182779552740911,0.46789302748302875,1.0,0.0,0.0,0.0,-0.38457975750421547,-0.41425282538084485,0.3232060042232357,0.0,0.0,0.0,0.0,0.0,0.0,0.0,0.0,0.0,0.0,0.0,0.0,0.0,0.0,0.0,0.0,0.0,0.0,0.0,0.0,0.0,0.0,0.0,0.0,0.0,0.0,0.0,0.0,0.0,0.0,0.0,0.0,0.0,0.0,0.0,0.0,0.7120757916664545,0.7147377174306627,구기다
0.0,0.0,0.0,0.0,0.0,0.0,0.0,0.0,0.0,0.0,0.0,0.0,0.0,0.0,0.0,0.0,0.08903673732253545,0.1705598615999937,0.02877053655297414,0.1436395081600353,0.5579467366073503,0.9245082585917511,0.07217062680589564,0.7006932890020084,0.1112788341589249,0.14303208312613203,0.17723843924760094,0.49108080382570074,0.2548270145081085,0.1568433621519566,0.8445029180115815,1.0,0.0,0.0,0.0,-0.30486279543064254,-0.35852140645859165,0.3353111795211275,0.0,0.0,0.0,0.0,0.0,0.0,0.0,0.0,0.0,0.0,0.0,0.0,0.0,0.0,0.0,0.0,0.0,0.0,0.0,0.0,0.0,0.0,0.0,0.0,0.0,0.0,0.0,0.0,0.0,0.0,0.0,0.0,0.0,0.0,0.0,0.0,0.7120757916664545,0.7147377174306627,구기다
0.0,0.0,0.0,0.0,0.0,0.0,0.0,0.0,0.0,0.0,0.0,0.0,0.0,0.0,0.0,0.0,0.2642257684503199,0.3113935579880503,0.1305088560974357,0.1196612806844836,0.2926047684325593,0.31875944307682863,0.10130467623423238,0.1445271568587776,0.0883456349490568,0.07642507076661341,0.023179432495713182,0.5375558453476166,0.19706100711849464,0.6041417630267947,0.7324638416775896,1.0,0.0,0.0,0.0,-0.21810085169696472,-0.42801075732949995,0.30700263687267754,0.0,0.0,0.0,0.0,0.0,0.0,0.0,0.0,0.0,0.0,0.0,0.0,0.0,0.0,0.0,0.0,0.0,0.0,0.0,0.0,0.0,0.0,0.0,0.0,0.0,0.0,0.0,0.0,0.0,0.0,0.0,0.0,0.0,0.0,0.0,0.0,0.7120757916664545,0.7147377174306627,구기다
0.0,0.0,0.0,0.0,0.0,0.0,0.0,0.0,0.0,0.0,0.0,0.0,0.0,0.0,0.0,0.0,0.3299630484044211,0.4012595547484842,0.44925333504929277,0.12953840893454582,0.5638704681348905,0.4483810531835731,0.13642373591044715,0.08641195537847997,0.7529679362078058,0.1427735297846755,0.11141014822979407,0.9597313819780441,0.30818556916216266,0.664079487491117,0.6713185562654684,1.0,0.0,0.0,0.0,-0.3035246850974492,-0.3760220637011486,0.29643839135359146,0.0,0.0,0.0,0.0,0.0,0.0,0.0,0.0,0.0,0.0,0.0,0.0,0.0,0.0,0.0,0.0,0.0,0.0,0.0,0.0,0.0,0.0,0.0,0.0,0.0,0.0,0.0,0.0,0.0,0.0,0.0,0.0,0.0,0.0,0.0,0.0,0.7120757916664545,0.7147377174306627,구기다
0.13398202677248522,0.10669910084788285,0.12550835901316382,0.1362672181685921,0.06324452588849654,0.008059075545306419,0.04986257226560055,0.07420307167754436,0.028074412666103433,0.0468832150602829,0.042161208210198885,0.03911078905998061,0.04859485206418022,0.04719154987806633,0.015675878354829316,1.0,0.12213408045667881,0.07960250863095357,0.08798802260822094,0.104973413815421,0.24687165426370578,0.29232160651173966,0.08408070506462523,0.3345595331375575,0.3981772994473409,0.05382738730227198,0.6003125428524481,0.22953796688537403,0.06031933049819716,0.5807303775671586,0.22542979702483015,1.0,0.05450719962662101,-0.4372298741333451,-0.04874141822964253,-0.3342955531186897,-0.4758510050313452,0.4452242740511991,0.3974884748012764,-0.02467631925566263,-4.882946598172178e-07,1.0211373352459032,0.557892995458268,-0.10652209800950839,1.4397999019544143,0.5364913555553752,-0.11012954561129422,1.7513676414318262,0.38849774574329793,-0.12719598510969077,1.03931832727466,-0.03688043781616228,0.04052893292700072,1.9302496105241924,-0.4763507195521524,-0.19467095756214853,0.9010847735367854,-0.43318977227995736,0.019820496769731206,1.846732944576439,-1.0444047524093498,-0.24772262027944608,0.7088270256065788,-0.7631058527841711,-0.024945821647494072,1.53353863846509,-1.4400184400577432,-0.25178440195331336,0.4822128565130733,-1.0304950974542177,-0.08562126433918346,1.1105706086127647,-1.850582627802049,-0.2500867119952073,0.6773922832593214,0.6594265056829294,구기다
0.24827405216357218,0.33912382254331985,0.8469464695863875,0.4280254696272527,0.45342662863343897,0.5423103725333523,0.08255411193657809,0.16115778892064303,0.416866446920987,0.21387524673020333,0.5532784651188483,0.7396497108044956,0.31569167118876157,0.8367547263214927,0.5459545233258096,1.0,0.06216098582110276,0.49205984436059397,0.5163596734809942,0.24241016450901773,0.1458290874423381,0.6667003823780786,0.02914724022324871,0.11472890930996138,0.6386453142226358,0.4660688446146365,0.2325327333180389,0.7325166414037271,0.4409491000016132,0.38571506573764947,0.23101096252283662,1.0,0.005352701897134243,-0.44315268239233263,-0.05384972060161395,-0.3599175735001743,-0.4587442280335294,0.4549398791773596,0.4093173036873689,-0.004106124227455453,0.012178973515958333,0.7306586334324865,0.7327694601707427,-0.004145745946209649,1.2204869683299862,0.6757969862609424,-0.042658012672372764,1.118790828028987,0.6827981236252859,-0.08583926238297881,1.1010614216633234,-0.0971363404155318,-0.014964862723247895,1.7530278820964724,0.3421066126100923,-0.17413541545338088,0.9990662315650628,0.03635056172029099,0.023351693921504182,1.7554663039719847,-0.4621926871812612,-0.17713926304927569,0.8614916677740854,-0.3911961754123792,0.02685643885717038,1.934929357645139,-0.2707057638695756,-0.15339714206879138,1.067269966099493,-0.6177751600629453,-0.07630897751752341,1.925965047760056,-1.3471266854896853,-0.1692627139594868,0.6773922832593214,0.6594265056829294,구기다
0.195322870454448,0.4546850158775104,0.7144951651333912,0.5197581508778211,0.3816546357673578,0.3095327780592375,0.31430345930809656,0.5046752900343788,0.584840443070596,0.16326810269390774,0.2365634885461484,0.6805173664774349,0.4439935087308987,0.6394998906810394,0.5558195655497045,1.0,0.2398298714495987,0.10257320619040206,0.9566325420190632,0.17500314437101766,0.3224835887153567,0.46663539124659875,0.38448582523012764,0.1414355348594217,0.736829627856524,0.18464675089121624,0.3960545781742408,0.8123494824430179,0.16011790616127405,0.46472527015231896,0.856647881256437,1.0,-0.001979610424149005,-0.3998114719463926,-0.04810953286831837,-0.32251244455625216,-0.5000147511176533,0.44852919231107446,0.4379996001122263,-0.07877853089011043,0.0024602123890990436,1.182977627273105,0.18456497083800058,-0.03089856244745353,1.2670805098624243,0.4052709650389616,-0.14659750104934638,1.4832518002779576,0.006088046153442461,-0.10421355862708502,1.2541557131264585,0.11808005908473802,0.016831694251953966,1.9193189793171668,-0.6149392898818192,-0.2898020481739972,0.9786926843790595,-0.20530165911672973,-0.00344358923630917,1.9901639240895639,-1.1993084190504815,-0.23768227645877335,0.878197350433336,-0.9554714872912333,-0.008178386959006348,1.6783365555590293,-1.2072682562017376,-0.2527093551846222,0.7034879843947967,-1.2363254680389997,-0.049719967388100215,1.5635009650587048,-1.7675632348895784,-0.2238981369421092,0.6773922832593214,0.6594265056829294,구기다
0.323852523660766,0.38369641435142066,0.17991839868116252,0.07260460607183018,0.18161259771141608,0.4153278095586948,0.23494587967965677,0.16287323673545717,0.42901830630191423,0.1519996918320826,0.17364992291924863,0.3778210111686075,0.1249240076926995,0.7454904350917442,0.7085064946958106,1.0,0.17381342682340084,0.4428809658042707,0.41128285570940126,0.08963399010259414,0.3009924998008823,0.13591798778132982,0.10336880826196283,0.3662476280447522,0.6706727824827949,0.07872454221951672,0.6029654806565576,0.6466712675803648,0.29753542471271827,0.2543577628565837,0.9387318309004032,1.0,-0.0071540167821941055,-0.40726217744413706,-0.05103669647119488,-0.36911717709824626,-0.4788982947166076,0.44473161301798053,0.4104284158076731,-0.05308169088634062,0.0011866465766545856,1.2457187321222238,0.6980273313744497,-0.08066062903058084,1.6140168477067278,0.6806071506003665,-0.0561096074919651,1.9849975325900124,0.44470998105125636,-0.12755058801322144,1.1750240687972975,0.1274651489422687,0.03749931328579047,2.2713199917557874,-0.13317937214541198,-0.1477905426800772,0.9994378559825319,0.029911400247671287,0.01514200000870215,2.1095126931690653,-0.8317395410353432,-0.27938255408483603,1.04997996657945,-0.5379959162950821,-0.003298305928759433,2.2816126819985487,-1.2085286205117831,-0.2539164534151374,1.1137679222478756,-1.1566995327904896,-0.151025778786461,1.7131578145153232,-2.1967794211339986,-0.2690505378282204,0.6773922832593214,0.6594265056829294,구기다
0.17839875528939744,0.3321527482279134,0.2995965125619916,0.20081669979055455,0.6110195581150424,0.715677332779719,0.3166323616796811,0.24565425956217585,0.20783890761375678,0.3633015775783776,0.32479236293262304,0.8408305896221617,0.09401183156852357,0.0831133118048943,0.4145776249568094,1.0,0.05833462287969424,0.23073259548311478,0.5424698095873446,0.02759691233104336,0.36213952658432474,0.5696290098851883,0.1467564357787709,0.49592510758310565,0.13057013517786537,0.13318946269558987,0.7338054772811008,0.4469718563812953,0.15130976941720595,0.7371701299587389,0.3768856400657139,1.0,-0.01641841124668712,-0.40241559758695555,-0.07714448258859748,-0.36117320899818706,-0.42910921510935374,0.4390434488692624,0.42115811170742146,-0.013046604045937379,0.01466268029652106,0.9817622778474684,0.3050018259438637,0.06737514801120453,1.340406238805514,-0.17080996628852274,-0.003699291647485392,1.6368276804267126,-0.1707664261381305,0.015208327784579739,0.8903170312260391,-0.08440293346361041,0.13315018446610605,1.8430250621099493,-0.5735548409016201,-0.10216204520698778,0.9417845919806686,-0.327233004653175,0.07720325753140711,1.4379088819575327,-1.1669259137428152,-0.1583415511532431,0.4565236707716933,-0.8919368119544901,0.0787078009222887,1.2804863167033638,-1.3260590397475067,-0.10759243226466988,0.1799587351257734,-0.799876100906617,0.024112746249263784,0.7856306336464345,-1.714650421528957,-0.08787657160362193,0.6773922832593214,0.6594265056829294,구기다
0.3422871854280859,0.2819115786575723,0.19146295609427677,0.5752165009390111,0.6659161790897785,0.3590973608076373,0.04539654152508428,0.08522061731868405,0.5492329574197943,0.04624652164610952,0.054727185680438904,0.061661903630635555,0.07502940383470523,0.2804329484861834,0.7735826445866015,1.0,0.23358673474312724,0.0585905506677981,0.10516508302707717,0.13765482566239554,0.23270772130498352,0.7828413987302416,0.3336530066163917,0.6863674140948143,0.258640740900875,0.2566897624067311,0.8812710589237386,0.14675927063335253,0.2572394152471277,0.5598592945344814,0.23320612206047614,1.0,0.040459826609485654,-0.41356163916761807,-0.05123470154296089,-0.35139243921322555,-0.40308412894509205,0.445942394916017,0.39434555877527916,0.018517102295128273,0.0023893522871050745,0.9701901480871723,0.004299007080360029,-0.24446731800548765,1.2232513894329087,0.014145972373890231,-0.07887357750123716,2.133062016715186,-0.03716474959207871,-0.09315937787385538,1.1276844063661742,-0.3006119322202867,0.038527761250515775,1.7175670618684507,-0.956961458029169,-0.11727622771607578,0.7105752139195791,-0.6988074521860522,-0.08216453086571288,1.0792845951490775,-1.830284062300711,-0.13202549151159548,0.3227473089773285,-0.8436928751154841,-0.07090430180013972,0.9757919910324432,-2.1499017219617844,-0.3251521265966609,0.31983333533839836,-1.4924420362982942,-0.07203718577178632,0.575430801734008,-1.7834610298559734,-0.1425089370686929,0.6773922832593214,0.6594265056829294,구기다
0.058238256559736655,0.4591038901183955,0.39972995233381864,0.0858360086026211,0.184985389488716,0.6502221129874624,0.2078380896879763,0.2689480860057639,0.2467294859617996,0.5360503194638174,0.6610034896730829,0.25923075795499095,0.2200743760984947,0.17648483264870976,0.19724604885318525,1.0,0.7786188808245381,0.8573371834481288,0.572273746180445,0.28241320634794737,0.20529704482868205,0.7937618807574328,0.07461047037089084,0.5815699007477488,0.4848570883803803,0.3485754062107308,0.346837516973027,0.6191305679781738,0.3532406034841571,0.8453380293655274,0.6453682489998608,1.0,0.1534327137239594,-0.4819706877149632,-0.05552378670590147,-0.37787780664277953,-0.4420074488610564,0.4377537282304473,0.30504922447327243,0.04540964213525637,-0.0017448254568841605,0.650834374326447,2.4236982026963183,-0.24388603403827663,2.76825650309734,2.0337226532661092,-0.07206507863781776,3.332727815144838,3.075956162877942,-0.04536326385097811,2.3242394692899966,0.6556102062857952,0.0008217539064035294,3.1083078711682566,1.7918836410359005,-0.41943015536122935,0.8865767978162303,-0.310946434784114,0.34248196488131744,5.073851972795468,-1.3050594452185127,-0.6769175156525588,2.300117240237322,-0.8264254316986792,-0.02478647026381627,4.011524677928824,-1.3628687622261229,-0.5842371215174091,0.25857561691326825,-1.5746783002925049,0.21350046891818988,3.1888408369607117,-3.731645509506218,-0.5501640197373445,0.6773922832593214,0.6594265056829294,구기다
0.3145325664155779,0.19275996441195103,0.5735113684417332,0.542112821439918,0.5108219053467568,0.38471202516647485,0.20930860532233614,0.7684902858455174,0.6515414542033249,0.40254769241751015,0.36020923331019433,0.16388259805303798,0.22979556528614772,0.21168719896492902,0.9716451327812841,1.0,0.5814401766990587,0.26706279008248496,0.18042826477124632,0.48453748600555463,0.2784832041807819,0.6361818980095205,0.6680282485938615,0.7788737358956631,0.5481383757329373,0.25644850042516976,0.04022067220563461,0.7710919120450067,0.2709435471501677,0.9311687271186574,0.40100848838710246,1.0,0.025794010091237295,-0.5162838997164823,-0.05477168421505603,-0.3328519484757524,-0.44118843430771415,0.43368776815648774,0.4153411447936587,0.07816983203968848,-0.005808037927548913,0.8548988456091651,0.9943057796252226,-0.20436632402020327,1.5752871208603771,1.2447998801280715,-0.09514415474063849,1.6332125153587547,0.7226308716310581,-0.1297865513769025,1.36997798985562,0.6675374316465547,0.04596394027117305,2.3738528390614237,-0.01984289813732486,-0.13726499088363894,0.9942128090024733,-0.07362689415165015,0.0782302427005891,1.8792232985322626,-0.5192429810123071,-0.2627043781200163,0.9351149838886459,-0.6700576557751,-0.04670394644963494,1.7742549920297466,-0.9774122880633962,-0.25886068197144296,0.5106740644254769,-0.7047504202679324,-0.0360609806271694,1.34326287497058,-1.117925749614466,-0.1870671990657397,0.6773922832593214,0.6594265056829294,구기다
0.1526510419968874,0.2547550485849508,0.5472107759936419,0.16003582360095134,0.3916789980398016,0.6273012528269194,0.14370749459712254,0.3622796321186995,0.4302956149396279,0.10111147866953281,0.41377707886314163,0.830219717776356,0.13660659042337964,0.8308600731144609,0.7908950735167221,1.0,0.09911441185875458,0.19593389648802215,0.44095476010817464,0.1425706365711058,0.21767540770453397,0.664541439735996,0.03190855641314387,0.6686666639247384,0.35983713348505014,0.19346264106889663,0.5593537807530468,0.5277261052439131,0.28146791686093087,0.2457171865863916,0.8498952815655085,1.0,-0.030756524072682413,-0.39615691090213073,-0.04470772205972539,-0.3026704408506387,-0.5188444163938273,0.45043445602998594,0.46642506772996273,-0.09956637642134875,0.0017412636417168713,1.1688536305002255,0.022537379018904357,0.014871021237868527,1.5769686420360973,0.2525401626041146,-0.06766853316344398,1.7478689110287347,-0.26495359877436425,-0.1891728007499402,1.1386558771889934,-0.32817492950043237,0.038267253735751905,1.8059580680254395,-0.8965874455241423,-0.18716596779590364,0.9171380639457382,-0.3968780121656957,0.03668262696794019,1.228115250322385,-1.465284163112219,-0.22974429180457084,0.6090474575481858,-0.8334718734497713,-0.0301341579160219,1.1009525308891432,-1.642658881513658,-0.1810298511691727,0.2618910719767302,-0.5380782963096669,-0.22348438716126912,1.0346878142377778,-2.067631042112224,-0.11860955906396828,0.6773922832593214,0.6594265056829294,구기다
0.1643989579293066,0.05182138984400949,0.00503973417494929,0.13975159486882577,0.29050159990639945,0.15166714110465293,0.11217318694374784,0.3173353328355049,0.1831055390866804,0.10772958204817189,0.39192814309001284,0.24067629193590165,0.14549930630172495,0.31995562971297237,0.22382822700001614,1.0,0.27069810014297063,0.05536747150540112,0.013201539578397271,0.218409068799449,0.43400906029501024,0.25788811456765154,0.2365313791715918,0.46752368808133876,0.22943557011519464,0.24504873756924722,0.4605754724113975,0.23847126145874753,0.24125638928765236,0.3999895536125952,0.26114639386849736,1.0,0.038934527579744894,-0.4311169837241762,0.025349543793398883,-0.5306520925132315,-0.44827265402134453,0.3421220775707876,0.2479054866901877,-0.05816051553660868,-1.4082867494371169e-06,0.3945737584222683,-0.6390391896720383,0.09499509413472212,0.5075259641509366,-0.8894770234439638,0.10544770354005278,0.5931689476066718,-1.0814837755803253,0.11666637290860353,0.1421455834878761,-0.9321585431441236,0.2327822936847206,0.46438916597641683,-1.2135308845568642,0.0812363104665505,0.04391299773703773,-0.9860388100857377,0.16062102488295088,0.3994709078448749,-1.3609648693280476,-0.02935943884121715,-0.0687803434674813,-1.004729656150176,0.06526035288780813,0.30072847324434204,-1.314418309217472,-0.1398631498918493,-0.19161747032531173,-0.9823690015957419,-0.030295326318966424,0.20508866983926463,-1.2761063596433648,-0.17716228462753583,0.650889952622188,0.6462536005450417,구기다
0.5194461710743907,0.2585139107363214,0.34987282356715443,0.28612030751174283,0.8956604524374875,0.7560751316364696,0.46678010946671866,0.2880580282102275,0.21537690650473912,0.24121642645869235,0.874547311756152,0.2234295650156726,0.3044780035931631,0.41219912736817277,0.26549740582457165,1.0,0.33881916770760845,0.38515164170507327,0.815876834179794,0.4328916338036799,0.5928732389838705,0.43244113287768315,0.30710184655797723,0.3003864278912216,0.19891083977942178,0.4076888451710044,0.724110200345008,0.5667678588116708,0.19658519796121313,0.0779753370620177,0.8283205974167094,1.0,0.12955900878671642,-0.4239555131899677,0.027883379199930863,-0.5022646285942511,-0.512967358143772,0.36578410349550194,0.21363764972563049,-0.12159048112118906,0.016865623160020982,0.03983650652606344,-0.45323627384143417,0.1107142524092203,0.2831773302910311,-0.8522437633441788,0.06770581962950334,0.6245040582502666,-0.8323217826298058,0.10747177992975762,0.2934954328817335,-1.0031492490010678,0.25669828139689427,0.38023261805886205,-1.113825821123604,0.07094309608053004,0.11758481804900636,-0.9810912576928574,0.1537327377074553,0.5668493849839301,-1.5166559849649255,-0.07228646792138711,-0.13440590162201518,-0.8725939091320765,0.07273821152037352,0.41167785504080384,-0.7617290312519801,-0.20388160001562083,-0.09333225670694079,-1.090965801337768,-0.0019787123392897084,0.2022357824851807,-1.2895643288030423,-0.1685409878324864,0.650889952622188,0.6462536005450417,구기다
0.2640106186855205,0.10179342270048682,0.07474713090355281,0.31116691611815583,0.39191033761486216,0.636849439484025,0.16508813924806257,0.7410320286440437,0.5878271892162353,0.3899416311767298,0.49006218760372017,0.833131368787996,0.04088900382853865,0.5721956688616161,0.25872567810897634,1.0,0.8104053064324732,0.6567998515676444,0.17911405751094747,0.27881507346089207,0.3521248172916088,0.7642318928639241,0.0892303797632657,0.8740338547863519,0.04367956193323106,0.1063845252653957,0.7047615914389855,0.23851817859641758,0.06794571493019647,0.5660735491248585,0.7627635194576581,1.0,0.08540806539738902,-0.4471284196128325,0.02220021128650093,-0.5389446710816806,-0.4700313527361268,0.3563732511548931,0.2099166860757036,-0.06346377060802239,0.013333340592960133,0.52451853767653,-0.7503890804429619,0.21026021104692924,0.5953213966208774,-0.9671849753145616,0.22587422660727224,0.6754229733138519,-1.4583473835726244,0.17135437443242105,0.10486078708583416,-0.7082107210743563,0.32631621321079685,0.349079832188418,-1.423228510049686,0.025900303297805214,0.27773448800128214,-0.923883904597058,0.263252891724212,0.65487473961422,-2.151061652146314,0.007700605944531906,-0.6639340466221446,-0.7952288611000299,0.022027397666633808,0.39894453240460154,-1.5355112532168493,-0.16054153306834368,-0.3888470940787483,-1.099610403831387,-0.07349951332373275,0.15750356439879737,-1.2452008763178053,-0.18364696744273756,0.650889952622188,0.6462536005450417,구기다
0.17175359824291245,0.22028997570452596,0.18485102265303963,0.14136146748569686,0.3003097432693439,0.7678497223261724,0.1800118937841458,0.5583503470755751,0.8421454330491065,0.16764290715707353,0.22621067455736726,0.602752849943567,0.30434741886311883,0.4796073751554516,0.7477039583694082,1.0,0.15087932718388838,0.48418600746566615,0.19067344895338842,0.21308576443791946,0.43420583879624663,0.36369298075003004,0.5725058264658427,0.8025640830295173,0.3712398562563616,0.2641101167099796,0.3954651590282451,0.48964909792224365,0.45377797477707665,0.5626336531105895,0.8859636700064966,1.0,-0.010502087181310961,-0.40283247093019175,0.030442070496187523,-0.5469875193894603,-0.4342093571531746,0.36353286459698264,0.2648979985236336,-0.06965707330671478,0.013318058184641138,0.4786046856567735,-0.6215600809564297,0.11509503363860271,0.5307965109325627,-0.6550180553276295,0.10689222560791936,0.7712306698355454,-1.1828431376386628,0.09139167633373589,0.17395256562738343,-0.819379734649798,0.18659317389608399,0.2613816633573916,-1.0862978200061182,0.005787020985300477,0.10185152833069379,-0.9909785936224238,0.08710736569788442,0.43772635203154076,-1.131209609284212,-0.058502942774613056,-0.025076759725230057,-0.9956934181731752,0.01208736494629746,0.3495503232134518,-1.0203399029212916,-0.14473350574502686,0.12559328881887544,-0.9907412040478933,-0.03144535447947258,0.21954203507305353,-1.2174604668739701,-0.17626664684209215,0.650889952622188,0.6462536005450417,구기다
0.4794109935063504,0.23970772447779717,0.19544116350086319,0.7851866579482625,0.7819433571185336,0.7763616678347316,0.1562998676941453,0.8837149799507283,0.742646752879388,0.19100508427129462,0.33558521368264144,0.6544571286836243,0.18433368854284685,0.8702957511824037,0.8740044595340611,1.0,0.13979891640999567,0.6831979250151184,0.6069680154309949,0.13337836948845844,0.44753289814267133,0.3000956879952031,0.4167164658373142,0.718313377634927,0.16072762603042481,0.4734506425758677,0.5751768944446138,0.23530190420034022,0.5147789796089072,0.2553034661786051,0.13311246110246913,1.0,-0.09262640853488427,-0.426272481347351,0.04473217687852561,-0.6203276464182879,-0.45001523759076556,0.35062485632814566,0.2462011510480958,-0.06372527247243634,-0.006706050139731795,0.7142067509353569,-0.8809395333985066,0.06734793044107683,0.8766483787583821,-1.313750867381123,0.09950775675792951,0.7806818596409518,-1.679503798214477,0.13509308801285647,0.20617147752002002,-1.596567155183862,0.24579578478027594,0.47774897639270875,-1.3969238249940052,0.02683442451644238,-0.058715976122564795,-0.9814177465348904,0.18267906539708326,0.5161300093320942,-1.7682965360301377,-0.07882315284997068,-0.2491984821882796,-1.309424127344143,0.01877568106236896,0.09072574192761793,-1.8017027872912945,-0.18149351584850387,-0.13212996688563214,-1.3005681717177167,-0.10245730481115436,0.42394194229494525,-1.7068044023371436,-0.26800074319251277,0.650889952622188,0.6462536005450417,구기다
0.23708084943139346,0.020340703498344968,0.6693102649020992,0.49191966917529956,0.46596146833346075,0.5771379393261442,0.13259299885900167,0.4591843893064613,0.05829065355053616,0.287003046354699,0.5827943934179013,0.10185046512173092,0.15723061491612533,0.5820500890693173,0.03530959907303042,1.0,0.9421598932038114,0.6243650876099033,0.7361548017314385,0.30539175932529844,0.4277163484614741,0.8373419440716188,0.42019745435552874,0.17210046122148062,0.5501172271285865,0.45487791219325663,0.6874629396766694,0.3156888657825418,0.39519736066970007,0.8971215619485422,0.5373949890579919,1.0,0.08696713524564864,-0.3948500348880602,0.020973072196437754,-0.5783614102456933,-0.5286059174756396,0.3396805908526255,0.1708668390866809,-0.15964365666832667,0.0011106320235844721,0.21178917150920962,-0.9096247405895267,0.06950649693576756,0.3257987100307642,-1.1683017185488072,0.08072571925106836,0.19196032326983695,-1.1507488828697916,0.03915895404846396,-0.08011032710257843,-1.0595274683436826,0.27773947330475685,0.10450287568476452,-1.0957631550786617,0.05388303962458754,-0.32869677309285433,-0.9370173769823511,0.1181391831335367,0.35073992846179836,-1.3602732888464164,-0.028048483821553505,-0.13622140040781744,-0.9902705063594894,0.06796347152023867,0.024471510961307858,-1.4529384424926375,-0.09215143157463788,-0.25205414456731906,-0.9346264177562529,-0.025474186513053512,-0.18632129089791002,-1.3128901004474298,-0.16428491407908688,0.650889952622188,0.6462536005450417,구기다
0.31908146966671624,0.045191324417868,0.2152856362919726,0.19420497378611318,0.3210933097703964,0.610306110937317,0.23846517733950978,0.4602068130745111,0.632674317403969,0.23221032772653602,0.5432039224846568,0.09400172754788605,0.4855572931517839,0.5381708030108067,0.1978014024711118,1.0,0.06968617673438023,0.6589822011923918,0.6709870847331592,0.2108314519330531,0.3613880337608247,0.5106727962923308,0.3002083647778922,0.15742894076269134,0.5890255978855341,0.2121231209642013,0.7759982838563968,0.08097317135632708,0.24948816860095258,0.10751661010518715,0.7027800569282426,1.0,-0.0355191005172176,-0.4353970086141792,0.01685492328976977,-0.4815080130527601,-0.44452039463179527,0.35114272870209867,0.3362974482738167,-0.05133172469495089,0.012898991130517817,0.9533017674215889,-0.7490913361618339,0.09193235040954376,1.0356957136866838,-1.0188381540033744,0.1289449544214916,1.1893263094124138,-1.1239137069714569,0.18319181171870205,0.5009840697844327,-0.9580624935248501,0.28747588027226645,0.9565879063238302,-1.212525589184463,0.11006268356124103,0.4873851262285492,-0.8482137193839931,0.20733843102510813,0.7023199438706218,-1.3658631964699868,-0.013087471678102196,0.47894917830603284,-1.1329822795068603,0.07854219786394366,0.8259101051405016,-1.4910584142650567,-0.1832786741059874,0.22654581766118864,-1.2526071390844846,-0.07331210559248535,0.6257368804066291,-1.5004978033015128,-0.16798176577348664,0.650889952622188,0.6462536005450417,구기다
0.03816618692474173,0.3978843394838369,0.6859512586580772,0.2924162946880825,0.08804695215953375,0.5395072697007883,0.20014376451318222,0.4536349708071025,0.20718643771982104,0.2732342602461638,0.406054364830944,0.9046123937826176,0.1260879962966914,0.516563045952521,0.11635606565313482,1.0,0.11251294953301061,0.14670566818257902,0.9537766333156016,0.4951448430611304,0.09145177299460243,0.514537901578949,0.2781052642076268,0.47852734514979456,0.6692560531901691,0.3767322381458649,0.558462510530537,0.36947971949006053,0.27401819202885647,0.10460810918417153,0.8823702720895118,1.0,0.058387968021518126,-0.41705104193937415,0.006405548084498275,-0.5426131672708515,-0.41334387744026363,0.33956164478180684,0.22432444552393593,-0.04048901378729487,0.011042460554478654,0.28545775968752246,-1.1273977459868905,0.11949966364104724,0.37562744780426066,-1.1368458324147814,0.14844473410465078,0.2102646102113555,-1.334509821979946,0.1306088565578909,-0.20059473434099356,-1.0599883112039494,0.2727003689695334,0.16783388069250624,-1.2811744345259377,0.09150785114265807,-0.19707060448601002,-0.9555069503223802,0.21947584088719907,0.13457719358519857,-1.5292976876848443,0.021961649089908192,-0.46661206715736214,-0.841936396878509,0.07672177180957059,0.2656098227431398,-1.4088842488234423,-0.06233750591155001,-0.3843083826171211,-0.9398161474469874,-0.02580676997718901,0.02050808482083215,-1.4381012761913403,-0.1612455272570843,0.650889952622188,0.6462536005450417,구기다
0.26044029352997,0.35705862072312616,0.173658743579754,0.14493674402115786,0.8684635064459915,0.4325270375204233,0.2768457971345739,0.031097254542176468,0.740675907352829,0.020132749151724298,0.2707660206007729,0.7056553847394236,0.24444064329911652,0.260275228507443,0.6609162262416777,1.0,0.43099541874895925,0.7084267518488508,0.3806892186292361,0.20258883503907996,0.6186508137808155,0.4011252301796649,0.3238048893393934,0.5435715965362021,0.23088540091475357,0.12145848789741463,0.7476503515560903,0.307164195916264,0.2601062312496462,0.16405843796037706,0.5041307423964538,1.0,0.010816534758371242,-0.36881840262121,0.026864108631088512,-0.5306672901876764,-0.4670945080288821,0.3690659271015503,0.2659721471978659,-0.12501130760599818,0.020176648387522842,0.03744179015076582,-0.5977937420953251,0.09030081179549154,0.32195784999903476,-0.987516170715786,0.09690866996031472,0.3425092418634286,-1.165043545349634,0.06584134233771033,-0.04095901037516033,-1.0441887432976884,0.22490133601434734,0.17131704794655522,-1.1536935353781894,0.005931595515514648,-0.3242992474764701,-0.9380771750920673,0.12182451172683631,-0.0941598039954913,-1.2633009288149821,-0.053760291414001106,-0.21006050715066557,-0.930508012581304,0.04371264547136996,-0.07490833445526197,-1.218063495815216,-0.1303906060754889,-0.30203440697603634,-0.9352464748473197,-0.0013513425950564463,-0.06944003168815105,-1.3059531043290415,-0.1598915458593658,0.650889952622188,0.6462536005450417,구기다
0.11830950734895351,0.07823730703672648,0.008249225802684888,0.28448478261045174,0.7580299575266853,0.1647749897739074,0.2510074356491905,0.8810371281211284,0.0896048475200946,0.2276993370166823,0.8241229528741482,0.07822103542956613,0.3103130063557045,0.7937832522425148,0.11948573475295912,1.0,0.0,0.0,0.0,0.0,0.0,0.0,0.0,0.0,0.0,0.0,0.0,0.0,0.0,0.0,0.0,0.0,-0.15728968970717136,-0.24988800130213668,-0.3584185700164168,0.0,0.0,0.0,0.0,0.0,0.0,0.1785873720099955,-1.3834856604087722,-0.24153252841205575,0.4461271885424411,-1.82438913850557,-0.36170061686405774,0.6199752595123821,-2.1257508271006307,-0.43754116737078685,0.04225638147510173,-1.2658116641831008,-0.5113825328078324,0.47953195488287614,-1.3202538498459626,-0.7703829731140585,0.19232529359847855,-0.8104296287887265,-0.5533667845323083,0.6049376093359601,-0.9414025967027526,-0.6037244041103844,0.37427342190501844,-0.3865657902581763,-0.5923857628981662,0.686509673627738,-0.5453747350937258,-0.39071418685154413,0.5558873933272642,-0.0184872591427301,-0.6413458716728243,0.7378027553668813,-0.2043558270078476,-0.4592815485751358,0.6608306011154746,0.6841492489162458,구기다
0.17383884885692086,0.17268458495901576,0.07474532742186292,0.32020560753010424,0.7210959598071607,0.6631236709421853,0.3554782131571719,0.3206031702916331,0.6741252972084532,0.5535714668328672,0.6313851023546797,0.8424666334378549,0.482410975619241,0.9158882782460542,0.8219870787982768,1.0,0.0,0.0,0.0,0.0,0.0,0.0,0.0,0.0,0.0,0.0,0.0,0.0,0.0,0.0,0.0,0.0,-0.1557892451946762,-0.2395533855017396,-0.3567599278777605,0.0,0.0,0.0,0.0,0.0,0.0,0.08986879990967724,-1.0962949671843407,-0.29846721285570277,0.08776918435643771,-2.6359955372432906,-0.5341684369097823,0.15560159089975667,-3.1680848563886443,-0.7308141732547729,-0.39224991237490714,-1.398135212087199,-0.7853461097054395,0.1338980110685753,-2.206835369072466,-1.0060225244438759,-0.02795870753416,-0.6581475377212803,-0.7523696759336033,0.4674025735802665,-1.35287298427493,-0.6875966536694498,-0.041271180088788655,-1.1008420460661463,-0.7094449984441737,0.31552350725362993,-0.5662180938596543,-0.5262697616462941,-0.1986173571513815,-0.2839052193149107,-0.8947305182954701,0.8103660054881662,-0.9345522576180172,-0.659233306830567,0.6608306011154746,0.6841492489162458,구기다
0.08327483324800114,0.7628048697505262,0.7715897879338302,0.40768446981064627,0.4410643058437232,0.44832522421057447,0.197252177171718,0.9429414509479926,0.2987037690565351,0.29727402418938986,0.8128865933356187,0.1628458813501843,0.3960320527268613,0.6480701387806728,0.39803638969523136,1.0,0.0,0.0,0.0,0.0,0.0,0.0,0.0,0.0,0.0,0.0,0.0,0.0,0.0,0.0,0.0,0.0,-0.19439161172929878,-0.28657932232409056,-0.3487516777596597,0.0,0.0,0.0,0.0,0.0,0.0,0.8353622523650375,-1.280389478202423,-0.30419597513124924,0.4548224765517957,-1.194079650398668,-0.3242398424961501,1.0307279346802591,-1.9655364601327225,-0.3988706309769241,0.34731834692997693,-1.203353158931159,-0.49688442821969736,0.7547805007032184,-1.3864086055479135,-0.8259837282001427,0.4084635977717118,-0.7168676946953196,-0.5650293776412049,0.8069415832211463,-0.2849812193194703,-0.6380940244367185,0.3353937492575651,-0.1551896536776834,-0.5701708584623872,0.6161135907450391,-0.49467844723958504,-0.37658207730598614,0.6056092078852454,0.2552417651846208,-0.6311376372705606,0.6470098792786351,0.18164610899279052,-0.45477887848062987,0.6608306011154746,0.6841492489162458,구기다
0.5555836127150503,0.2414367798913881,0.24521786027444142,0.1618457043118694,0.6344703478118324,0.4729034160693364,0.24779338278116161,0.9485210229255661,0.39850087331011935,0.29661625384553303,0.19839119574704844,0.8154520975304624,0.5048996108202047,0.9510189544082557,0.4601904333477283,1.0,0.0,0.0,0.0,0.0,0.0,0.0,0.0,0.0,0.0,0.0,0.0,0.0,0.0,0.0,0.0,0.0,-0.09208405509504175,-0.29660751237763433,-0.3579572633810009,0.0,0.0,0.0,0.0,0.0,0.0,0.40734168833631745,-1.2783332781716534,-0.2820538772711694,0.49575743044605086,-1.6579364069271703,-0.5945164892399653,0.7049743214003981,-2.0891558799909062,-0.5625702018420883,0.21427624572814338,-0.9182481453325165,-0.6193508326778292,0.257254446120808,-1.4952288082998304,-0.9594293491057344,0.4366351567946068,-0.6408546323431287,-0.6313913842105406,0.17501609452410657,-0.8384285536240483,-0.6347758542521467,0.304469332560768,-0.21060618087068553,-0.6614840801380695,0.6556398569471298,-0.21457307071508028,-0.3900986228368516,-0.00016991315378273231,0.14093295692177002,-0.8348913959928307,0.7215224070339852,-0.41976171943723883,-0.6412834834883376,0.6608306011154746,0.6841492489162458,구기다
0.42043143853923964,0.30830622482814346,0.07967487776339671,0.32842641295353187,0.7727253759074008,0.14165078077240387,0.1739974363515368,0.8055001239116797,0.3382675202288996,0.17432251600798226,0.7501160465377086,0.09155260964624838,0.40208477793842157,0.8392912478659517,0.25935268332099387,1.0,0.0,0.0,0.0,0.0,0.0,0.0,0.0,0.0,0.0,0.0,0.0,0.0,0.0,0.0,0.0,0.0,-0.22775134018387172,-0.2352246081143172,-0.3654448397693178,0.0,0.0,0.0,0.0,0.0,0.0,0.5633365293750632,-1.4084315991722063,-0.16947140151334453,0.6469324526315176,-2.27693513181108,-0.3359713144004002,0.6968770978892417,-2.4300106962358545,-0.3895902984646794,0.17680701333586057,-1.6360295934510862,-0.36666286050722696,0.7260314951934442,-1.7537537804849843,-0.8265588115999751,0.4380805862840143,-0.7251959192372985,-0.5312026719084008,0.7337319474403026,-0.8526108860122326,-0.6677129007268255,0.6668281869016592,-1.0305043944553778,-0.6943513101802545,0.9043857366449543,-0.9970072435180393,-0.3292294175738855,0.6945980996392819,0.2993881148397267,-0.6588755931280229,1.0998603255143418,-0.2458804570659635,-0.5032512382047699,0.6608306011154746,0.6841492489162458,구기다
0.299306222564269,0.022141834150960986,0.1488028338941465,0.07280355924100287,0.7892933211769554,0.1364447619518705,0.1885214364979854,0.958624909367227,0.09735254770059584,0.19313313389361275,0.8664485449663439,0.5411189133450045,0.43108878538550954,0.8459924839567677,0.7939068608334023,1.0,0.0,0.0,0.0,0.0,0.0,0.0,0.0,0.0,0.0,0.0,0.0,0.0,0.0,0.0,0.0,0.0,-0.1826258019727457,-0.2163643260767348,-0.3425653701770511,0.0,0.0,0.0,0.0,0.0,0.0,0.5926578220373377,-1.2591814954806415,-0.2984213693919054,1.1092117053705257,-1.4678027258303474,-0.44710116417013135,1.559823447941843,-1.922109687568798,-0.45977455096711123,0.6651069753717765,-0.9303863629120328,-0.5359817262175176,0.6163269754574737,-1.1012303392261158,-0.8953673752164856,0.6795378073474683,-0.43557496692041275,-0.5903412712810079,0.7625134274572678,-0.736939439391738,-0.6582654678957446,0.972200227322775,-0.5683359935545406,-0.6339780673141683,0.6894622195722786,-0.45201037119735255,-0.5340684933793012,0.3883853155322678,0.3134419180766387,-0.7814132715563022,1.1451800509517132,-0.38640672278458443,-0.4526888100823757,0.6608306011154746,0.6841492489162458,구기다
0.3298864640149256,0.2397864398726793,0.2182437695799115,0.3833572374005726,0.6024878045049856,0.4948393927757175,0.3507182764850885,0.8558431414643096,0.1733009327091477,0.4244640828219812,0.6822828580158857,0.43937028759976005,0.4484777305936023,0.7643052167693325,0.6005779532469747,1.0,0.0,0.0,0.0,0.0,0.0,0.0,0.0,0.0,0.0,0.0,0.0,0.0,0.0,0.0,0.0,0.0,-0.08042658272398714,-0.3492352917076101,-0.3649666880066159,0.0,0.0,0.0,0.0,0.0,0.0,0.6596643535999372,-1.1761861657193238,-0.361316197875812,0.6441707110253113,-1.8984076951942679,-0.565580941418832,1.2907942894809468,-2.768443676964371,-0.6270356146161497,-0.05466409869223714,-1.0117005871578024,-0.7699887942178829,0.8032528100200023,-1.4737767043969523,-1.092652490407168,0.17212380919136167,-0.6926398661290155,-0.7004451514274586,0.8142365877287459,-0.7424268222408467,-0.7789340449330242,0.1266516052332342,-0.0946309934163386,-0.7832764417138276,0.8334770863045146,-0.46409471045392836,-0.5871256302425724,0.8073742161315923,0.613090434159464,-0.8784041665976412,1.1719948799071576,0.6202241599700126,-0.716630688148014,0.6608306011154746,0.6841492489162458,구기다
0.6633382390711927,0.7558231740671381,0.15842027878490234,0.45673331884325286,0.69555540596065,0.7334302964826535,0.3704841952923058,0.8333829346803687,0.4826704502621741,0.2142537787733134,0.7904244204135025,0.6832644934096627,0.4721411000789245,0.9047225688255861,0.5622498601761223,1.0,0.0,0.0,0.0,0.0,0.0,0.0,0.0,0.0,0.0,0.0,0.0,0.0,0.0,0.0,0.0,0.0,-0.05385459787450223,-0.3008020652346081,-0.33198754117160856,0.0,0.0,0.0,0.0,0.0,0.0,-0.5758173222526226,-0.9518571065286219,-0.506338943079274,-0.2827912616869922,-1.9902935402683894,-0.5885016314980667,-0.06990046470166648,-2.2244545177672697,-0.5539251089543099,-0.6594505713496982,-0.7923682028726493,-0.6823303488212581,0.18591804055823705,-1.2033776755583088,-0.942801576043176,-0.15674563441176342,-0.6941213269167098,-0.7025855034173705,0.3187951755094075,-0.9043895761234272,-0.7770937323583622,0.1300481739034378,-0.34867497327045477,-0.7362869091753182,0.728702839609918,-0.38963843044250646,-0.63509694665673,0.03341759790107654,0.04942091016536029,-0.8144528393173476,0.041866574553805366,0.40745540951942333,-0.7931098576682488,0.6608306011154746,0.6841492489162458,구기다
0.23929063237692857,0.10991199497185834,0.17289048718379382,0.40841881927207846,0.7955621743460837,0.32575369052069136,0.46315905221561066,0.4127557483556253,0.42245709624436373,0.22147934457898236,0.30178406078908226,0.7434915997340383,0.5202792109757165,0.8326631945005785,0.3117503550755034,1.0,0.0,0.0,0.0,0.0,0.0,0.0,0.0,0.0,0.0,0.0,0.0,0.0,0.0,0.0,0.0,0.0,-0.14207929766584218,-0.27084710285122493,-0.3672788057316772,0.0,0.0,0.0,0.0,0.0,0.0,0.4266523030031146,-1.1020263177668872,-0.16170291327033723,0.7472392536364408,-1.3219212567146588,-0.3498799324264987,0.9785809496967958,-1.547953044776621,-0.32851867255207307,0.3868813227484198,-1.1978897456969677,-0.49935276425941966,0.7191198259590923,-1.0224389913230774,-0.7037776503760304,0.1292577054211078,-0.9231700896070509,-0.3620075016407532,0.708525696283928,-0.3641658222085052,-0.4506078958609155,0.46257237657797756,-0.20896649322928132,-0.5273441777952788,0.6199935191582525,-0.014160975475693763,-0.3730659353954881,0.3687966326088668,0.5723422932026787,-0.6222825537021989,0.5040859724668951,-0.2530598883467512,-0.4188632345494115,0.6608306011154746,0.6841492489162458,구기다
0.11294190230107742,0.06366168623807487,0.15802979540789505,0.3075697965656004,0.8196320242858183,0.10970729867136793,0.2764925990886749,0.9210557944325101,0.04560339376335703,0.2974463713449354,0.812703687379686,0.09003388208313735,0.37304846290823435,0.7699566219261991,0.16656402324663463,1.0,0.0,0.0,0.0,0.0,0.0,0.0,0.0,0.0,0.0,0.0,0.0,0.0,0.0,0.0,0.0,0.0,-0.22882681395126175,-0.2093563948493713,-0.34668606302018024,0.0,0.0,0.0,0.0,0.0,0.0,0.1760363157809142,-1.4948035211485482,-0.3230065053830842,0.43086007348911604,-1.9808380613738077,-0.4623326695013478,0.7040981717201417,-2.157588436599859,-0.5576726596767729,-0.011179563264422031,-1.2028662915258217,-0.7359291589410981,0.49675920693871933,-1.3131524364600884,-0.933106952102823,0.15131717313169082,-0.6457576890592379,-0.7483983699449822,0.6321751828168106,-0.8991779948028162,-0.7858509319997842,0.372280930313799,-0.18315608750284038,-0.7446865582464883,0.7355238349992199,-0.4993316148994423,-0.5182235182178359,0.6053603125363233,0.16762745693147257,-0.7463210624205354,0.847322671140278,-0.1350536603857404,-0.580301720857909,0.6731735824338012,0.7008061535413592,구기다
0.029770571886692982,0.14111156430277078,0.4292707861606261,0.20114933436039023,0.07699239738450418,0.7516306369987286,0.27330355936793227,0.7582890596254399,0.5394575655725561,0.36927221186936027,0.388893543897841,0.7315611399915997,0.46748872852107193,0.2107017202921538,0.7898021622635736,1.0,0.0,0.0,0.0,0.0,0.0,0.0,0.0,0.0,0.0,0.0,0.0,0.0,0.0,0.0,0.0,0.0,-0.23902983444283313,-0.21747700654531943,-0.3542550634428741,0.0,0.0,0.0,0.0,0.0,0.0,-0.620973743496734,-1.6563035155407957,-0.4261408605152174,-0.5206191485119961,-2.707689842793815,-0.5463689245120285,0.09703493220962035,-2.7720327487706156,-0.729808837045064,-0.06327599349280144,-1.9435389222256043,-0.8338450495891861,0.42047682115924423,-1.7968178076433323,-1.1841125204591936,-0.027898946362845328,-0.4745797380492816,-0.8797702660495628,0.6479372355313809,-1.819840295325858,-1.0401300819190853,0.7709925450799173,-0.17618968828641962,-0.907028398089048,0.7271924613629768,-1.2008336705435032,-0.6038363792883226,0.5272450452859219,0.27314259830417303,-0.9677845271601947,1.1845920686371982,-0.2335911763187461,-0.8652272601614055,0.6731735824338012,0.7008061535413592,구기다
0.1681398987882515,0.1052874801462782,0.09677317471066949,0.2575872865422,0.8120235107922276,0.26257179229949934,0.3579882900607485,0.7921388728851962,0.26606120446034665,0.3515222413951879,0.9402347653839771,0.26246939344423503,0.3320317300641286,0.6293690395597463,0.43308406464580806,1.0,0.0,0.0,0.0,0.0,0.0,0.0,0.0,0.0,0.0,0.0,0.0,0.0,0.0,0.0,0.0,0.0,-0.29127945456831317,-0.261141204065587,-0.349996209937328,0.0,0.0,0.0,0.0,0.0,0.0,0.7836736731338545,-1.719406073462402,-0.39394239598641423,1.2141815474323219,-2.1394522606001205,-0.6544482175741976,1.8250816111809731,-2.6406879905226996,-0.7466516174153178,0.8817703385983674,-1.9226523945081975,-0.7948833422888748,1.139666647832363,-1.147789560970634,-1.1553466182199017,0.47557800459820904,0.22428603325405083,-0.8506005742001052,0.7259378162231335,-0.4172888231512524,-1.0426552241327642,1.123058817662458,0.30245416516662255,-0.9210856147382073,1.6679115619429727,0.0794369196224594,-0.6604922574083356,0.7926500718172067,0.48450911340083247,-0.8466388572131792,0.943875726429957,0.49593045303037786,-0.6601365621700381,0.6731735824338012,0.7008061535413592,구기다
0.21365454280881255,0.19732291682416583,0.09990840429757332,0.4643676932578257,0.9040213558797512,0.6101828218133581,0.357143849399076,0.3537300454689605,0.5018562026554629,0.2892137077517019,0.8715475759583503,0.4805208402083918,0.39542939262361126,0.6656000427793332,0.20920688881633362,1.0,0.0,0.0,0.0,0.0,0.0,0.0,0.0,0.0,0.0,0.0,0.0,0.0,0.0,0.0,0.0,0.0,-0.3052919474424922,-0.22131556251948897,-0.3736790318699653,0.0,0.0,0.0,0.0,0.0,0.0,0.8418665235292339,-1.4304490166507804,-0.1396932866409021,0.9386002772430481,-1.8538056802275216,-0.3279952239077096,0.9055593195553562,-2.131246853956455,-0.45844646689853397,0.18973793539436293,-1.492188791252107,-0.5676555321099764,1.0220213458539558,-1.397036416497619,-0.8445626548890375,0.15533855343646444,-0.6736199875290704,-0.7225690598258423,1.38556414718639,-0.6154437151425822,-0.7332119097477408,0.7719050667395024,0.04504937595478439,-0.7110816793723629,1.2208309891673739,-0.26705746052540663,-0.45379775989621396,0.6890001339196523,0.28649263206599423,-0.6518213891723104,1.1645904935460933,-0.2848498345351377,-0.47907429383407935,0.6731735824338012,0.7008061535413592,구기다
0.16811152069749472,0.14527190133385573,0.15511249155238957,0.28654843546976805,0.5886343980231742,0.5963773892134739,0.2649964938339154,0.7841543357175264,0.6446393012845033,0.3910144730329354,0.4437413715896664,0.5936786942007959,0.38883533918232566,0.8029492998996794,0.1052411535328493,1.0,0.0,0.0,0.0,0.0,0.0,0.0,0.0,0.0,0.0,0.0,0.0,0.0,0.0,0.0,0.0,0.0,-0.2806364439263517,-0.2879600821682479,-0.34299039278773363,0.0,0.0,0.0,0.0,0.0,0.0,0.5540239950627095,-0.9691380833484542,-0.3545249916035129,0.9759500391916689,-1.396324499455138,-0.5199179108293037,1.2250705020506312,-1.4694916739089519,-0.6118073399547493,0.23893945079874299,-0.671399961810117,-0.6935465790435388,0.7343056048192557,-0.8530735554599447,-0.9081927660594773,0.4757984148741881,-0.5635962733631594,-0.6752592902392154,0.8673589023275404,-0.4873173832758972,-0.8087614852196924,0.7120531140953321,0.2523400998150623,-0.7593151689182831,1.0327660925833266,-0.25493627938767166,-0.4618682229349337,0.8234011107146554,0.5106659069206394,-0.8207305978693293,0.9735205329008473,0.29702998333739256,-0.5307749166366073,0.6731735824338012,0.7008061535413592,구기다
0.17880610373951972,0.07129989236103365,0.5217196026661962,0.3246030975171634,0.9257470062676654,0.6290608692879609,0.2234542827097685,0.3353438475450767,0.8401431859021149,0.1927206928930204,0.6766726467303739,0.7443003807487198,0.5880968482775261,0.4828425833343509,0.7925943514344801,1.0,0.0,0.0,0.0,0.0,0.0,0.0,0.0,0.0,0.0,0.0,0.0,0.0,0.0,0.0,0.0,0.0,-0.26284194271528893,-0.16683348822005103,-0.34545676475823883,0.0,0.0,0.0,0.0,0.0,0.0,0.21996076779198992,-1.4425346736129705,-0.2904869972445349,0.7331255468142499,-2.078477230880127,-0.34290520817108167,0.864228221177195,-1.9412533246082642,-0.47684133146898317,0.13090542368841435,-1.0912194289324484,-0.635173021648819,0.8107383551113695,-1.222080315922023,-0.806912416212422,0.36212481468101726,-0.6704572961395489,-0.6475744224762774,0.6740780827847573,-1.0272155575994182,-0.6742688687589802,0.5125922441824483,-0.35097594199908,-0.6621356474302951,1.22137484417378,-0.6356935070434551,-0.4831032898483813,1.0529129982773788,0.18163524834002065,-0.6450464752132815,0.5968829270555833,-0.39473549804612096,-0.5501896622036503,0.6731735824338012,0.7008061535413592,구기다
0.3369035099330657,0.1339945861133276,0.19220906410102753,0.23338241757121916,0.5818788139612344,0.4307156539514984,0.25106497603345007,0.2032778183434059,0.7959249863257882,0.2290552005414693,0.9305318405994016,0.07623688789817021,0.3162246753979153,0.6679475903837967,0.5303916122954612,1.0,0.0,0.0,0.0,0.0,0.0,0.0,0.0,0.0,0.0,0.0,0.0,0.0,0.0,0.0,0.0,0.0,-0.2772976455416127,-0.17894939933917367,-0.3217564581060946,0.0,0.0,0.0,0.0,0.0,0.0,0.28730045465303305,-1.442624484194816,-0.38574434450187695,0.5159508525865746,-1.8262109385254028,-0.5758243913376792,1.1022045072191682,-2.1011030958166637,-0.7026395304470394,0.3204498780834698,-1.2244479100623722,-0.954376466373635,0.17769142681401962,-1.4472485288974517,-0.9653574677528151,0.23727870849391655,-0.5619900471242532,-0.7923799602644799,0.5704736193393147,-1.1690423675895072,-0.9291541266214237,0.6613556004110193,-0.4326591777612632,-0.8242735182029984,0.5564184109127059,-0.2628755355942577,-0.6407201587288426,0.6092573526096542,-0.12508284851910428,-0.9080748893787675,1.2467059861548175,0.05121178191538856,-0.7348194446859129,0.6731735824338012,0.7008061535413592,구기다
0.33690203576600963,0.024970144507377123,0.22893140473943177,0.3258485474718874,0.9408181948223737,0.11800340385920302,0.5261144618207458,0.7957937606715485,0.2897521573945169,0.2523375866225378,0.8016536653988079,0.2259820423258091,0.40503731508576557,0.8267556179246511,0.20176704326295963,1.0,0.0,0.0,0.0,0.0,0.0,0.0,0.0,0.0,0.0,0.0,0.0,0.0,0.0,0.0,0.0,0.0,-0.16173502836060236,-0.19425125594643536,-0.34389562731945333,0.0,0.0,0.0,0.0,0.0,0.0,-0.12827071090342373,-1.0775161198075216,-0.2680620663552147,-0.0022889727837087535,-1.400681393871596,-0.3415038130758465,0.48583765750967395,-1.6548823602013039,-0.3932392221509698,-0.2733834406945672,-0.9312754379837188,-0.6130790706600289,-0.014998302421008572,-1.2003596682402586,-0.7208263066140363,-0.37565977874671036,-0.680837069136078,-0.6287611755843137,-0.07941825035829579,-0.8906601358180093,-0.5509503151034137,0.2776000472036339,-0.3706593781272959,-0.5890070729753534,0.19245674727646286,-0.39402948272068195,-0.5074402507009385,0.156006809928035,-0.00922672423273063,-0.5885514312357627,0.4242347388089387,-0.12216224860231496,-0.4408168094699444,0.6731735824338012,0.7008061535413592,구기다
0.144420940515322,0.16756028519357227,0.6863450880064705,0.24623634639912534,0.858645811578183,0.3412294903160424,0.13423440378378088,0.793034572138785,0.42854087717753997,0.276849227643565,0.8799089851149701,0.24160075304713488,0.21834286369297426,0.3252824689687512,0.7599154114634576,1.0,0.0,0.0,0.0,0.0,0.0,0.0,0.0,0.0,0.0,0.0,0.0,0.0,0.0,0.0,0.0,0.0,-0.27438599832685856,-0.1408223415777328,-0.3369473290002082,0.0,0.0,0.0,0.0,0.0,0.0,0.40781502463346686,-1.2512590344735997,-0.31396838273361327,0.5365100422121389,-2.041121522591231,-0.2848954900017172,0.3439090962288782,-1.9192877606586916,-0.4555448130715617,0.06027433638956435,-1.0567503800313272,-0.507777601227303,0.4402137712755588,-0.8919110433250919,-0.758594385377624,0.5960811749758548,-0.5138046380276584,-0.6170024528157656,0.48096772065992793,-1.1960489708766215,-0.622734762184293,0.19310763411158505,-0.5948004072003366,-0.5075874836686107,0.47598863463092206,-0.06846729022413155,-0.3860667110797467,0.5180038029846682,-0.08759468830850933,-0.5190242909935899,0.780846993806624,-0.40781852145599923,-0.5379294269592199,0.6731735824338012,0.7008061535413592,구기다
0.10416654922524887,0.0599144186678649,0.16192852488580547,0.30645752251152414,0.8215180991969677,0.11979573046197316,0.28579935700702697,0.902298077310123,0.06269541526199207,0.3121099967142627,0.7934628029389424,0.09473047948692041,0.38084681419327304,0.7357837662416613,0.1819630337921479,1.0,0.0,0.0,0.0,0.0,0.0,0.0,0.0,0.0,0.0,0.0,0.0,0.0,0.0,0.0,0.0,0.0,-0.24530936327669656,-0.1742357973580969,0.09581566818012867,0.0,0.0,0.0,0.0,0.0,0.0,0.1971426732212186,-1.497478018003312,-0.3370970835280609,0.451461367968361,-1.9918094494663612,-0.4843302644116431,0.7318965222103962,-2.170631357844779,-0.5834790583998309,-0.020935908346178034,-1.168833094372147,-0.7649636401137043,0.48523682872486257,-1.2992867203687148,-0.9687040957803912,0.14012676907053223,-0.6130557377513407,-0.7775134410413836,0.6442022573148153,-0.89733050023404,-0.7985386332746556,0.3627499245567426,-0.16184369082618513,-0.774251410506987,0.7330102845539818,-0.48610544141978795,-0.5127314849400156,0.5913218095410033,0.17845418390542758,-0.7789942058858266,0.8554442440990273,-0.121902267178776,-0.5685181513154259,0.6829298269898245,0.690786053526037,구기다
0.1671316011505296,0.21522408070774904,0.6190811571797498,0.4271973509943043,0.7164703137410287,0.5317211271653219,0.4481630240565983,0.987079560113975,0.04483758613004606,0.560724029349638,0.5599893775288342,0.304247707115028,0.497655725654677,0.24026752583543248,0.8519255801612073,1.0,0.0,0.0,0.0,0.0,0.0,0.0,0.0,0.0,0.0,0.0,0.0,0.0,0.0,0.0,0.0,0.0,-0.24513227595727655,-0.22136272114532485,0.10112660743408992,0.0,0.0,0.0,0.0,0.0,0.0,0.6792294835093688,-1.0223475461247575,-0.3671422109842068,0.45182667230977963,-1.5941760840420647,-0.4700753260571697,1.405391813697336,-1.5564042056871572,-0.6395509140601275,0.3187288069730203,-1.191170584977134,-0.725394147225106,0.7091111672527698,-0.7240923995118874,-1.0361954234495472,0.39176587924137146,0.19702146845394308,-0.8987224470494141,0.8877812526706789,-0.32693456572345136,-0.8924708732926736,0.16517070229837155,0.5732015605517852,-0.8390911264832809,0.7157097237816499,-0.38988507874307865,-0.566523090441636,0.5289193470747685,0.5317254189179306,-0.9183324003715465,0.9030037690472547,0.22406382289694704,-0.6604975478255126,0.6829298269898245,0.690786053526037,구기다
0.5027437772087109,0.2565243226793768,0.4032914116605916,0.417548770787074,0.8170389207394696,0.04680082349184122,0.5576013789132129,0.7955732109029127,0.8339475801626683,0.443554677634726,0.7909068766168255,0.651037020177122,0.5926324773372867,0.9260748735813412,0.17151297673292104,1.0,0.0,0.0,0.0,0.0,0.0,0.0,0.0,0.0,0.0,0.0,0.0,0.0,0.0,0.0,0.0,0.0,-0.1676308628010319,-0.25426049707007115,0.08570852309604089,0.0,0.0,0.0,0.0,0.0,0.0,0.2820610992073279,-0.8758118357032831,-0.3677752391489207,0.7127646985735788,-2.050838511318612,-0.3985000848388745,1.207860251716208,-2.039966960378359,-0.6513005516677921,-0.15401709308590047,-0.6591225127735009,-0.7297953354472566,0.29833958396407495,-1.1972454078429688,-1.0810997462529657,-0.24184137128365277,0.18966810758927447,-0.9515980034127572,0.5787232970798172,-0.9108619390947287,-0.9586133729288745,0.230840365161654,0.3304258199141474,-0.942142340318551,0.7253817693696587,0.4056730153300139,-0.5836159478031568,0.12119773040017898,0.8359780675138889,-0.8187813526887885,0.27355568293533106,0.43759984131271484,-0.5349368432743569,0.6829298269898245,0.690786053526037,구기다
0.08751259232281651,0.5157951720254278,0.22947117409503012,0.341686588481836,0.7240960515190554,0.40549655076483265,0.5154179516088825,0.6877302953704815,0.5314326965648514,0.6663413068658334,0.23067002134636394,0.7715125400392124,0.6998349893259338,0.970996081840872,0.30910671454441807,1.0,0.0,0.0,0.0,0.0,0.0,0.0,0.0,0.0,0.0,0.0,0.0,0.0,0.0,0.0,0.0,0.0,-0.18983838138301945,-0.2854444258448831,0.07560632392281623,0.0,0.0,0.0,0.0,0.0,0.0,0.21558942123948924,-1.591458794097863,-0.336550090256566,0.8278016875652413,-1.4176724229535358,-0.45046959143250465,1.6147673432506746,-1.7992252011576007,-0.562211487671776,-0.04234225761090178,-0.8783017086814898,-0.7532987396732105,0.5724062982597462,-0.9836788153423169,-1.0701395014384434,0.21282485622879585,0.3164603375544659,-0.9244232987793558,0.6159496803448127,-0.20929054530754138,-0.9349422380160296,0.0021787372987478026,0.6964335215868929,-0.8671846526586372,0.44118283049191725,0.12009195464492989,-0.48984217040976674,0.12012340344941694,1.5292173834289824,-0.8345536082199075,0.7877518257767939,0.5022569794348752,-0.7497678433517279,0.6829298269898245,0.690786053526037,구기다
0.1590347329272614,0.05233367693091742,0.40910133731946835,0.3396109289580104,0.6622040755338623,0.6316056584214335,0.29368487829098,0.7260083600691907,0.43042491446399944,0.3323807451701942,0.9170502370319783,0.611612917116091,0.3819176005092376,0.8209543201033094,0.29441129838563573,1.0,0.0,0.0,0.0,0.0,0.0,0.0,0.0,0.0,0.0,0.0,0.0,0.0,0.0,0.0,0.0,0.0,-0.2228297962837716,-0.22132223123746264,0.10962262627777375,0.0,0.0,0.0,0.0,0.0,0.0,-0.1844909451986251,-1.0896747327252148,-0.3870171573684443,-0.13796154585170464,-1.883625030845116,-0.5185278728032191,0.4227153013279934,-1.9990668872472344,-0.6303375304766095,-0.2918754196761457,-0.5684235129733202,-0.8022187319225274,0.2769317062807809,-1.2673956593784927,-0.9583838291845279,-0.016451935859257368,-0.6085792223620681,-0.7933225472124585,0.20651960992811408,-0.8938375588282497,-0.8083506573100276,0.30701111962270416,-0.3648985402625313,-0.8338578293010172,0.5399846114980315,-0.42195228090931414,-0.5174815850425228,0.364539206126263,-0.006625819969092074,-0.7977854748911823,0.6643536886099354,-0.20796675108848836,-0.6408607642973986,0.6829298269898245,0.690786053526037,구기다
0.4098319552308102,0.42572929105418594,0.5157018740415508,0.4458940964231372,0.6010916517223994,0.4308862089017649,0.48678473444987197,0.8729893629001451,0.108255058711305,0.5608060245384451,0.8990406240870868,0.06254443350072145,0.7699730143041852,0.6583729899825501,0.6826067038888937,1.0,0.0,0.0,0.0,0.0,0.0,0.0,0.0,0.0,0.0,0.0,0.0,0.0,0.0,0.0,0.0,0.0,-0.19465818204908047,-0.3108532935923556,0.10490472351312233,0.0,0.0,0.0,0.0,0.0,0.0,-0.26725136144715106,-1.5535303735622166,-0.44344021824336916,-0.048374750665290955,-1.58649222376422,-0.6892453605045907,-0.4061218240359375,-2.779887315903001,-0.7649481130729815,-0.6810077007774024,-0.9822330362453191,-1.0114575685233866,-0.00044528738358776143,-0.985631735166169,-1.254953466722998,-0.16571285037633365,0.09749783083673878,-0.9813426640079812,0.48180047495513034,-0.23822988825004607,-1.0032064448373643,0.5289306225051283,0.5269814825392676,-1.1543246566055778,0.5791852883074838,0.25597374963369973,-0.7174897786211786,1.0656716446879655,0.5632906267309606,-1.0482136880456046,1.1601815539015266,-0.40488982410727536,-0.7386833462166227,0.6829298269898245,0.690786053526037,구기다
0.0550414760746382,0.25475694275304894,0.16747432986451638,0.42260508725908413,0.8530456176360619,0.3482643573175174,0.2938776751976674,0.9607593584237866,0.3220381403880759,0.432638869321165,0.8609702322119723,0.27315234372564107,0.43890540409501394,0.8332852010311252,0.4209405676754498,1.0,0.0,0.0,0.0,0.0,0.0,0.0,0.0,0.0,0.0,0.0,0.0,0.0,0.0,0.0,0.0,0.0,-0.2163861239735851,-0.1928965954112915,0.09939105584424134,0.0,0.0,0.0,0.0,0.0,0.0,0.32588834146823253,-1.3688540143495949,-0.3651782091009231,0.8964176736264021,-1.719391250163615,-0.5954775820161006,1.631612680746766,-1.7582689824796631,-0.6878565708022012,0.05527459553300222,-1.1851233308715798,-0.85084207168193,0.6880205519019438,-1.18033369070937,-1.0463354722515066,0.3565615040299782,-0.3354294906346305,-0.8719810494824254,1.0034568954112661,-0.845205833260316,-0.8947119378028062,0.30922106347183076,0.03727636595049813,-0.8927706003382226,0.7077045348606493,-0.29420753033622693,-0.5683596891258076,0.7667354630453627,0.5210433150504971,-0.7633241773572104,0.680651238995299,0.3011450959419087,-0.5571931390339533,0.6829298269898245,0.690786053526037,구기다
0.4399430049889166,0.07935411385632742,0.2428727958370722,0.20675870876483016,0.5886765578395878,0.5119763009190795,0.4651880836855803,0.43931898710319217,0.7516322267900382,0.286523394111727,0.7392391925893206,0.352204661088165,0.5370172493070503,0.7483034447729295,0.6438711194456495,1.0,0.0,0.0,0.0,0.0,0.0,0.0,0.0,0.0,0.0,0.0,0.0,0.0,0.0,0.0,0.0,0.0,-0.1484706831945336,-0.20715851801549712,0.10304816037034818,0.0,0.0,0.0,0.0,0.0,0.0,-0.38797620765393387,-1.6156807275832215,-0.3461983746136137,-0.2126108482227835,-1.8919267021784059,-0.4492076706149258,-0.3572123846120088,-2.4950867716523386,-0.6392517488728244,-0.3644457143920742,-0.8551141460105106,-0.8123725480935161,-0.43709604726105966,-1.417990880854504,-1.0937147610602973,-0.384869207010245,-0.2659664708109363,-0.8838198514967179,0.1615212922608794,-0.9065379462704685,-0.8065347183083995,0.11266325972342348,-0.4852414006827614,-0.8283706134235069,0.21463614293155317,-0.5972962989033042,-0.5692430770899048,0.2673618748998937,0.32230013588593054,-0.8289754768082437,0.7290463852448049,-0.6274780674299822,-0.5502602649212247,0.6829298269898245,0.690786053526037,구기다
0.07196408515341388,0.3983863677046921,0.191413476705536,0.3390819716390542,0.792851442633411,0.4905575298877285,0.22462557528699867,0.7380547964977265,0.42237747495241196,0.24390390036733087,0.8322903210658616,0.2817146853276167,0.40316862814383614,0.46996590711599406,0.7043368175521342,1.0,0.0,0.0,0.0,0.0,0.0,0.0,0.0,0.0,0.0,0.0,0.0,0.0,0.0,0.0,0.0,0.0,-0.24125692535835602,-0.09110933480984815,0.1047050694988988,0.0,0.0,0.0,0.0,0.0,0.0,-0.48113348522613286,-1.789901207565275,-0.39465680979650797,0.10564158138597197,-2.2054758672893877,-0.518167501260422,0.3046444719126974,-2.2126292037420816,-0.5185816394553796,-0.32229541750316526,-0.8516250777846738,-0.8336507893326706,0.26097486352413785,-1.3986800433007425,-0.9076100484433991,0.0933390837903498,-0.6617998124324531,-0.7438473120886759,0.3052757014379438,-1.2403069358010586,-0.7934220124127165,0.6620945521353123,-0.4637035175919831,-0.7469398223915348,0.5714249488092882,-0.6471850797066786,-0.5206245697687498,0.7702651848882642,0.01910780865735183,-0.7592357944104532,0.8798327483723751,-0.4695421132056897,-0.5966045744703998,0.6829298269898245,0.690786053526037,구기다
0.0973803409859599,0.06141444247350915,0.16073078434838403,0.3078272868690776,0.7978484597388767,0.1435634026829731,0.2900867342574469,0.8944361078418104,0.0690826427932501,0.3188572804040053,0.7884704560941825,0.09942947799776099,0.3868376502504273,0.7225556914907728,0.19683704288641826,1.0,0.0,0.0,0.0,0.0,0.0,0.0,0.0,0.0,0.0,0.0,0.0,0.0,0.0,0.0,0.0,0.0,-0.21714834776636596,-0.18415398775258035,0.008749082950962205,0.0,0.0,0.0,0.0,0.0,0.0,0.19281093661913862,-1.4629385159785593,-0.3347374064468853,0.43204869626037984,-1.933589648981801,-0.4813549304561417,0.7011891287423496,-2.1078608150610427,-0.5807948128597458,-0.02479559475732143,-1.1437404668333573,-0.7760585075026618,0.5013501333559274,-1.273834903586038,-0.9668250854261345,0.12796842968546074,-0.5965763850205906,-0.7922882668824531,0.6395127204749576,-0.8816619492418807,-0.8155108904084243,0.34160718089210057,-0.14892599983354185,-0.7918696319822084,0.7193533325201311,-0.47706836431968874,-0.5371766308309722,0.5657677853109103,0.19150975919550786,-0.7987225837308454,0.8331414005723625,-0.12115075129309792,-0.5934448383563177,0.6862767861017053,0.70331612720078,구기다
0.2151795072602223,0.22633866824352802,0.5695259435057354,0.3844039849740686,0.7368290443430069,0.5789622864365979,0.12997703490492804,0.7747654846946405,0.5322915613159176,0.13655920826562273,0.8080730569115601,0.5326847231496831,0.5070726694664813,0.33310041935722734,0.4292505564962601,1.0,0.0,0.0,0.0,0.0,0.0,0.0,0.0,0.0,0.0,0.0,0.0,0.0,0.0,0.0,0.0,0.0,-0.36550188984657644,-0.14006556048415264,0.01472044822709723,0.0,0.0,0.0,0.0,0.0,0.0,0.5611905923927251,-0.7802266076511534,-0.2584548237171357,0.7400110192866265,-1.2204290175962016,-0.2911308291743636,1.042165315726895,-1.007554879955608,-0.3311891656201071,0.07611033883172037,-0.7779625871239801,-0.5069707143972983,0.8989371737312479,-0.8172046402646335,-0.5724070584564398,0.7201051096663331,-0.4686445859965023,-0.5116843588078545,1.0076036366885956,-0.5390228662815494,-0.4837931990589474,0.6872208189766985,-0.2958150175037457,-0.503549493710035,0.48507754234425055,-0.332933293243353,-0.2956723198357825,1.0877523931284148,0.409908092420409,-0.44087385862497525,0.8676375561503982,-0.20628859231046898,-0.36766048027015974,0.6862767861017053,0.70331612720078,구기다
0.18870353192227698,0.43624336359904337,0.04083973439169357,0.09739704937035026,0.7096030477281605,0.6962425920647021,0.3609928745227309,0.15696068466462912,0.7562782466904329,0.2654600677557955,0.7466018262557741,0.7289543016469652,0.2041013947059359,0.6608918880234271,0.5614343024199202,1.0,0.0,0.0,0.0,0.0,0.0,0.0,0.0,0.0,0.0,0.0,0.0,0.0,0.0,0.0,0.0,0.0,-0.24999364147354017,-0.24329776190073452,0.004729985127163445,0.0,0.0,0.0,0.0,0.0,0.0,0.7911217664661219,-1.0580057653955683,-0.19265550277269738,0.9321942169633324,-1.0291465976013228,-0.3480161500557209,1.059090082243794,-1.0238807909009866,-0.5074193412104817,0.6280689805154014,-0.6868833433855738,-0.5634620385408013,0.2754449462681641,-0.3479262507497281,-0.7762510719914487,0.4670335418654224,-0.5950324751812403,-0.654076466670622,0.7420548464792068,-0.21335623782462365,-0.5729571100872517,0.7302540719412303,0.23344340709751557,-0.6089592655259951,1.0359954178095316,0.33536270076943586,-0.3265374432277274,0.6901747845542681,0.463849776449574,-0.5941168856201158,1.023557661082769,0.30030624837897957,-0.5082675280326411,0.6862767861017053,0.70331612720078,구기다
0.05735515237167694,0.050130369972594964,0.7679233301741804,0.3712442717333251,0.7969306730213918,0.531273548060272,0.25614546665250304,0.826482732088323,0.799281735839187,0.31501271631956984,0.9081878187788701,0.13081069158262154,0.38366029825552855,0.30410797997570577,0.7399255942056894,1.0,0.0,0.0,0.0,0.0,0.0,0.0,0.0,0.0,0.0,0.0,0.0,0.0,0.0,0.0,0.0,0.0,-0.3146730282511466,-0.1525528053295025,0.01821633569149549,0.0,0.0,0.0,0.0,0.0,0.0,0.10119348585791205,-1.4212393109372774,-0.34289106971955174,0.25699860264713975,-2.2722941403989507,-0.5145784212542552,0.22205827797103017,-2.0884217289176865,-0.6250386529073667,-0.038769526844720806,-1.3683052253597814,-0.8345100611418558,0.5184081457109767,-1.3750920399496194,-0.9637378963975248,0.1731228505108649,-0.5629204513846598,-0.8081763693921542,0.46929340658536745,-1.5615392607963012,-0.8191487376827851,0.8182060128169582,-0.2262575437678486,-0.8009900298549585,0.755928377670799,-0.8133594045869946,-0.5665675435533847,1.0474547474426954,0.08242847421457182,-0.8287605555967412,1.0721193254359112,-0.21044320663214205,-0.5863840874927491,0.6862767861017053,0.70331612720078,구기다
0.23803912867467023,0.14045763244483273,0.23829253541683076,0.3823804324718074,0.5511162750727807,0.31374534169004453,0.27363706828405876,0.9050345143254128,0.5537894726980085,0.2874915830126296,0.9622252647505141,0.3327701759232708,0.3656461700994724,0.8583379798933736,0.19972750844717324,1.0,0.0,0.0,0.0,0.0,0.0,0.0,0.0,0.0,0.0,0.0,0.0,0.0,0.0,0.0,0.0,0.0,-0.17924214857231152,-0.16566393897389106,0.007682757662610239,0.0,0.0,0.0,0.0,0.0,0.0,-0.5486304187814361,-1.9647176453033055,-0.347288754349633,-0.20684262385729554,-2.5782681541701553,-0.46685324730937955,0.015790057674988468,-2.664534255406996,-0.6154690085900741,-0.8016800513519006,-1.5488422289132127,-0.7720477008555234,-0.23388400427335287,-1.1540576016726036,-1.2184602531588318,0.008958936188727836,-0.5156926097969093,-0.8567268349148512,0.1946249285586449,-1.2257002286715168,-0.9398135483362045,0.385430917945368,-0.5942929823109229,-0.8840775657228683,0.8383478546463395,-0.3947358660750761,-0.6039635429686994,0.20909448558407945,-0.23439531363497965,-0.8822334601323428,0.7320510427315992,-0.399864349996356,-0.6271050059307717,0.6862767861017053,0.70331612720078,구기다
0.10799130065636703,0.2862010440339701,0.6880014135172026,0.47678719645912077,0.6867206056022805,0.7077013207121354,0.29750889563594685,0.8464490594720314,0.4970721613928058,0.27841930081590893,0.24157822850934385,0.8824663546612822,0.4619554183519888,0.8278392742266846,0.037118840370941215,1.0,0.0,0.0,0.0,0.0,0.0,0.0,0.0,0.0,0.0,0.0,0.0,0.0,0.0,0.0,0.0,0.0,-0.23582015756380675,-0.20509006455210896,-0.0035465065944361484,0.0,0.0,0.0,0.0,0.0,0.0,0.191354604841811,-1.261302764915885,-0.4998833069538652,1.4742379288560166,-2.335673761728116,-0.38395366572007067,1.0476995331368455,-2.392182464761379,-0.7525596242982587,-0.1939848872695768,-1.528293686369569,-0.8019624617321582,0.6992324357450912,-1.282613429734499,-1.2091720591130135,0.3948408810726189,-0.2834138944881202,-0.8739435010599225,1.0304522437084311,-0.6391872735948994,-0.9661849147733387,0.7112429466741831,-0.6998749700151579,-1.0444801329615903,1.0959813747657945,-0.7787096915762616,-0.7522640554546258,0.6568355791760141,0.6239434358768466,-0.9190665011954605,1.1427407059210855,-0.1685990992483593,-0.606866058222512,0.6862767861017053,0.70331612720078,구기다
0.20532311422910515,0.3537463677994782,0.27115163930108244,0.3846795476174986,0.7750536881905842,0.46770840382432893,0.1953381486036847,0.40973815681813147,0.4073567035942784,0.38924846165650295,0.19197410358802222,0.8082310930713325,0.2969757111837257,0.85677509167875,0.8463448064162793,1.0,0.0,0.0,0.0,0.0,0.0,0.0,0.0,0.0,0.0,0.0,0.0,0.0,0.0,0.0,0.0,0.0,-0.297858860640193,-0.2716499170438457,0.01777763434288702,0.0,0.0,0.0,0.0,0.0,0.0,0.6605981971096311,-0.9068290092208494,-0.30097757450385615,0.4749512640322572,-1.4814446166485506,-0.5031220347239537,0.6466194781063005,-1.779250488786265,-0.5294964230047563,0.3188442151097722,-1.0608901447566197,-0.7780090766402553,0.5871043813483633,-0.8000139058152744,-1.0026365927173189,0.45545353936570115,-0.38432871882316694,-0.8030277139470337,1.5340796709159505,-0.5775099427187289,-0.782019008580627,0.5032171484161873,0.45518487472862734,-0.7453142937279145,0.9267121168303918,0.09347797494885376,-0.570369916070883,0.8048016534971191,-0.009776314428306713,-0.7956151241298136,1.425419247141504,-0.05494873073957768,-0.5896867472995617,0.6862767861017053,0.70331612720078,구기다
0.5317807924650503,0.1441007018785271,0.29195089880307734,0.26087969499591057,0.8507243210651904,0.11823973486189852,0.43042911812824397,0.1849931524569892,0.861876180093171,0.40315948607612695,0.9634409230933199,0.4015304535306535,0.4412657650571353,0.2840145404895571,0.7996687542138402,1.0,0.0,0.0,0.0,0.0,0.0,0.0,0.0,0.0,0.0,0.0,0.0,0.0,0.0,0.0,0.0,0.0,-0.2309073662730731,-0.2115376878361144,-0.003971616201319097,0.0,0.0,0.0,0.0,0.0,0.0,0.3373701461439916,-1.2602324959384021,-0.16824451166611065,1.013450670819508,-2.0543478361476675,-0.6257961681856904,0.8265302553878272,-2.9487037086252066,-0.7441772927816572,-0.058143194436088126,-1.6758092873926644,-1.0771842502958544,0.33712625943989893,-1.2639732762241493,-1.3326398946581015,0.0262787439811272,0.038638355966687514,-0.9989076559236925,1.1929853591982975,-0.8525198572256547,-1.0396669811866304,0.8689904198983727,0.24648021690398247,-0.9807160985499258,0.8754313417333476,-0.6207573353277008,-0.6565395758866468,0.9008880565851698,0.6867742445390304,-0.9085364819587817,1.2121304306065288,0.44194072574286564,-0.6253070417203249,0.6862767861017053,0.70331612720078,구기다
0.09221962089696265,0.1396953641216275,0.24565460264403152,0.3837633145801023,0.7977110371636518,0.2388793181092991,0.26392048532808404,0.913414731073073,0.21084642648937674,0.4655012903026343,0.4467161222950143,0.6253986830071017,0.3178532784700107,0.4610267936266302,0.6287511603482367,1.0,0.0,0.0,0.0,0.0,0.0,0.0,0.0,0.0,0.0,0.0,0.0,0.0,0.0,0.0,0.0,0.0,-0.26512422388062257,-0.18369928470921168,0.016162613507472993,0.0,0.0,0.0,0.0,0.0,0.0,0.646473704996249,-1.111630412024569,-0.2416514976918886,1.1368987006945073,-1.391174035317018,-0.3832295735313841,1.1903397952048624,-1.5945508942206807,-0.4335427610289027,0.07547655287176432,-0.748079485049626,-0.5977595711904693,0.6873335610316318,-0.8468100852185539,-0.7448838386053721,0.5384202040318163,-0.5987992154381722,-0.5929107719387181,0.7558364572855956,-0.2752711684310863,-0.643264724279255,0.015973689146082423,0.02066602664642774,-0.6253274256502496,0.6501452996816751,-0.3424150376768352,-0.44443081196260337,0.5087223546935903,0.19124554651804124,-0.6172912697845823,0.6904678870764025,0.1201519662074643,-0.44517246927630705,0.6862767861017053,0.70331612720078,구기다
0.10244270040685477,0.06701792886825293,0.14585243537705037,0.2995798756637289,0.8089279102952003,0.1370330404525871,0.2792795897544228,0.8982888347539636,0.06331824332865506,0.31832169900604224,0.7741936022414211,0.10822711452256947,0.3948960590251963,0.6868898425684855,0.2206703203480577,1.0,0.2255188667488124,0.09569669149915704,0.13350787732574548,0.2832956546837609,0.4329972838757908,0.16945030858388335,0.39506251486700994,0.4372699880405328,0.2176454158152772,0.44421041389575194,0.43980821974189227,0.2412495099654035,0.48621527772324474,0.4233027051362855,0.2199466351821938,1.0,-0.25045251547818775,-0.1655949079878891,-0.0007738443536487592,-0.5781434475767713,-0.1955843613084044,0.5663707952846362,0.3753622554581195,-0.09493712659850817,-8.136871088025169e-07,0.19949826224791326,-1.4625046053443256,-0.32359908943433363,0.4599370460417085,-1.941719244674633,-0.4647642872430381,0.6975185393089475,-2.1042731996785204,-0.5607143708272639,-0.0008345669567912499,-1.1434314960409029,-0.76752700965673,0.5046681527078895,-1.302455285776273,-0.9802945438436217,0.14897689950637621,-0.5968839074105678,-0.788375218083217,0.6256177455567248,-0.9467254038690329,-0.8018984581862582,0.350492577063054,-0.1498731477836022,-0.7924419796873347,0.707632095207502,-0.5202165182847495,-0.5239317044677866,0.559498796790708,0.1952064261285728,-0.8038978052294408,0.823089869884903,-0.15404691713301957,-0.5751048487380085,0.6829565711363232,0.6973537265933768,구기다
0.22895884286607102,0.008239747979322193,0.5408671404944592,0.26353310055819795,0.39947580609086525,0.7475867386349577,0.3612574336647866,0.8485411087736738,0.20279739215770573,0.41129945303705295,0.857233403539832,0.14790154239059752,0.5811631208130356,0.890014849778364,0.23911897051543632,1.0,0.7507391148398466,0.6904550216043112,0.5702147046629001,0.45246301765511365,0.47325955232639216,0.11275610298121053,0.5521230705291962,0.8353812098599815,0.23261585579707464,0.6662548381882175,0.24900668646508553,0.6524222708583339,0.706272645412884,0.1539332314344045,0.11260495356229644,1.0,-0.21779692257982128,-0.16582474393326987,0.007081121402227135,-0.6014379509506992,-0.1656565111787338,0.5574697780674266,0.33428091297260165,-0.07423361785007093,-0.013955628951089708,0.3295551459217066,-1.329456610136214,-0.3193171733577274,0.5387122413781862,-1.7256029890126656,-0.4100990328348652,0.7165099457382391,-1.5609898744023936,-0.5411927665284737,0.08846154165904889,-0.9094585796509883,-0.7227378852217465,0.3924965600635836,-1.0480158773890693,-0.8743855863218161,0.09218532409732456,-0.757042086752474,-0.6468300742131049,0.5983808064185011,-0.7652658187371367,-0.7914816754766834,0.1700986448485325,-0.013906901041827074,-0.7626149748881198,0.531681961632747,-0.6243195651997426,-0.4553797094327587,0.09632704076882247,0.33183418642586016,-0.7920615598891527,0.7473297031974444,0.2979041539183256,-0.6106024910655826,0.6829565711363232,0.6973537265933768,구기다
0.10341536970226028,0.2916393160795759,0.043049652961439984,0.5632028198993809,0.7999861356055731,0.44282616705455274,0.236311164079843,0.5703091043679944,0.7380120752896726,0.3536953601125023,0.7675204049252563,0.37514790054672625,0.42951422783525345,0.6984394638421766,0.6914938530029031,1.0,0.7029814543999906,0.5823955803053786,0.45918571811297504,0.5763580626771903,0.7927776314069465,0.7344294890669254,0.6834979983442973,0.24804660459627267,0.21742845387089724,0.30340813431981095,0.7064160597992374,0.5269838414475615,0.3125694079066343,0.5320230017585982,0.40718091925813804,1.0,-0.24421561453022858,-0.1450682953335371,-0.009706010979110485,-0.6019661189625634,-0.1944910728178771,0.5678477724870484,0.3502731106793829,-0.1081096332104098,0.007430208377218186,0.03590718208547126,-1.165306707174294,-0.2806958741942723,0.6886784715410494,-1.7093151985625514,-0.40643211996696854,1.3664486651756906,-2.13382325268518,-0.5423694860286711,-0.11434896426506219,-1.6897067431680586,-0.8185875470250856,0.6539436511974944,-2.1476615181057865,-1.0779926410471297,0.2988647187949539,-0.6820875071962497,-0.6674103028770375,0.734441008164524,-1.0464580745264092,-0.8868667242745962,0.16374625977473004,-0.0983800809065152,-0.7078540777979739,1.2657673005699124,-0.5654803326423208,-0.4252184667269733,0.637609970197792,0.1974360393887175,-0.7937516291614805,0.8079489875676759,-0.4302336949457454,-0.6337140045796524,0.6829565711363232,0.6973537265933768,구기다
0.2978947480440862,0.1784193074646723,0.11340805036084338,0.356820669929207,0.6483254337530265,0.8173982335263015,0.34321531413008083,0.6832924874511358,0.4716122957634429,0.4097129568293666,0.9271766207604007,0.40105512593521014,0.29103700628840684,0.7958674965703401,0.658864213238111,1.0,0.33472654174340566,0.0813868841503587,0.7697623201083325,0.2861393121894626,0.38722652362056464,0.41439104941197014,0.4981470431424929,0.8328807581065513,0.5501217596322137,0.33048083281479335,0.6194846199041248,0.6277595568066305,0.5540680111280697,0.26698548875174166,0.35491376518428225,1.0,-0.2208055310178838,-0.21168596106005522,-0.009178954977673787,-0.5835320433680709,-0.19317213694494792,0.5728699465412099,0.35242705642967587,-0.061495114805669215,0.012056237833933184,-0.04367193589697335,-1.351047636641586,-0.3063662927662567,0.48723924938944885,-1.8264176439434514,-0.350811641295833,1.072500458447527,-2.241049707885019,-0.6549863747379377,-0.0927490488185715,-0.44727717792057164,-0.8127216707822779,0.4801825018196381,-1.570893458998369,-1.0484759485253958,0.0697779835985714,-0.3398155694648489,-0.9379000009351732,0.15982867033847917,-0.6398685625197339,-0.8539966453815192,0.15183116197903837,0.02350625972614668,-0.8607776923300177,0.5015344580405977,-0.7024587189339123,-0.5871237309970244,0.7719130280575743,0.37493818890673797,-0.8530283173283714,0.7868924229725109,-0.12694335509665097,-0.5279683026665287,0.6829565711363232,0.6973537265933768,구기다
0.32657817784309434,0.25613583695158043,0.39477501958952477,0.41919050027455107,0.44834313598425357,0.4683780938114384,0.4049489326163997,0.743212176179613,0.1398671424424308,0.4213236467315157,0.8614704527853595,0.12198611437613532,0.4010181059376392,0.7779867596113685,0.6726268906993343,1.0,0.11749379167055504,0.009280859798158311,0.12773718505112397,0.11593250274002465,0.827142300269614,0.3128098600368844,0.3522201830278598,0.4314897127425322,0.7282167598376336,0.7404137156620233,0.018390433830855774,0.9074397766905953,0.21714022944210828,0.4905181224143268,0.43007851899213156,1.0,-0.20798477138865712,-0.21891987216174488,-0.018483301717530404,-0.5230732790221335,-0.1016135419025421,0.5910468103990026,0.3948878211955234,0.006152583755217883,0.03665241251908797,-0.6117739160437834,-1.3465426073423814,-0.2996203316213481,-0.06681518349465126,-2.08707707533805,-0.33143385845190726,0.07319271569229016,-2.0610554892621793,-0.481636146650384,-0.5014976018360726,-0.8432569152862727,-0.6097196839253088,-0.25939038372375034,-1.325064266089409,-0.8236834437588504,-0.4907683535888842,-0.595242253991462,-0.6362649465268535,0.22487038541649781,-0.743337016773137,-0.659934810008799,0.32400479458600373,0.007504795638561343,-0.613282762845254,0.29957808663341323,-0.2507737647232133,-0.4800648402588539,0.5811086431398155,0.2442089617767333,-0.692884884510538,0.7522368993659887,-0.3630223737309408,-0.46579291978354975,0.6829565711363232,0.6973537265933768,구기다
0.21452405678459355,0.11410087704393741,0.08644901220403294,0.28753583196648425,0.8535756635023894,0.18362616542141305,0.47688626686065333,0.6010656639452574,0.5284558718140249,0.36212292650326383,0.5224710249264702,0.3196189600068217,0.45948983481246036,0.4635231992555321,0.5022151539621773,1.0,0.0670321113264507,0.48923411331063943,0.4350309855980501,0.1985670943189496,0.801284378438729,0.3313114040567219,0.4851263442457497,0.7222899498984217,0.14637278140023652,0.6459515895742137,0.0619676749957101,0.6951118144847293,0.8143547896739651,0.035454186004063894,0.389174285666058,1.0,-0.3016808401222204,-0.08699950706688302,-0.00018648883984826277,-0.6143910848786794,-0.21256222753478682,0.5891796832866795,0.3749007016037764,-0.15916302667067775,0.022508856888470322,0.4627223059210676,-0.8229298082748712,-0.12526921430028382,0.8550384607665845,-1.3506468562603313,-0.28510586636551366,0.9408187843737837,-1.5665491159150478,-0.36856923421815174,0.20787890449333724,-0.807631759650236,-0.4407910833071689,0.553107159853096,-0.8247655640476391,-0.5821231562678799,0.4554340245502467,-0.7489375511245545,-0.48132358533269554,0.657391128890863,-0.7559897271258909,-0.5088058424392916,0.05998247514471736,-0.302185805594029,-0.4737053732513855,0.7201070618838953,-0.19887207203162002,-0.36023077277268334,0.1894384891961821,0.17802934609117047,-0.478697184587085,0.5496333074183828,-0.19839229931130833,-0.2971941643961564,0.6829565711363232,0.6973537265933768,구기다
0.25163207675966487,0.05456893635148286,0.2971261272280044,0.4601005821271832,0.14332562760679543,0.8079538814624737,0.34647458752023436,0.17334540961892653,0.9025620435293813,0.5064886436394858,0.9164091441703762,0.4171654704696464,0.5506450433419416,0.8072206203979204,0.7301979007210263,1.0,0.6271238908043547,0.7282090645577924,0.3908611905423992,0.32751387663537923,0.1951157195163032,0.5516278715105151,0.2512225975845396,0.6075198952371651,0.11873259796217835,0.38896991135950143,0.5613608840486185,0.14804693336324992,0.2932731919748596,0.6053718167377183,0.08423107976033575,1.0,-0.23665900486677036,-0.22424089404183037,0.010488472505139759,-0.540843159900813,-0.23289378404063749,0.5734595918179124,0.3979224072674514,-0.08041903395025878,-0.0005116122698702887,0.3445754427949655,-0.9665812456810466,-0.27251563747282,0.9037107015094512,-1.5755920414487714,-0.5076904639257789,0.8697909638822656,-1.7250683657156314,-0.6359877955117207,-0.20681165368753848,-1.2821822554169129,-0.7927571254153719,0.5514342239556959,-1.1260326488259698,-1.0266087222628604,0.22654445405973328,-0.5361630097063992,-0.8131462582815918,0.9134975551759372,-0.3158881193659834,-0.9094242655520722,0.14215390595346744,0.3550878090280415,-0.8173533828074628,1.0929288556127408,-0.025973278121452895,-0.5736763318936817,0.44605725789621203,0.5247580252629815,-0.7945428180965414,1.0414567134414932,-0.0659331627696608,-0.6812085008773258,0.6829565711363232,0.6973537265933768,구기다
0.44784308424897173,0.17232187785468614,0.2196437807494436,0.33777722908189883,0.8437666722267595,0.14802746625127852,0.371692218813763,0.8150388669391898,0.10144420652281377,0.27204418864459035,0.8360458405289611,0.22338121864946822,0.41459891154833284,0.7862238331786898,0.3352811064383955,1.0,0.6533669936414231,0.18809445448436915,0.3228167042601717,0.4200616041248573,0.5481826515432984,0.30525750846034405,0.7183678417787602,0.7017556617119607,0.7803946457313483,0.527761457240897,0.6563171966285263,0.48181172093265057,0.6387188875964822,0.5602887548795219,0.4998022477808013,1.0,-0.24297257084064788,-0.19174796968891566,-0.0030380596446477415,-0.621998692200626,-0.17160481767796612,0.5628262583476059,0.33054876077933015,-0.060478209317743704,-0.0019666516053677315,0.4761355975011377,-1.282552762469946,-0.27226173466724807,0.6360859891612742,-1.4725281213982386,-0.4678505820588517,1.1449322743738268,-1.6885252233477532,-0.5362176540300534,0.5065993193473524,-1.2738918796957994,-0.7309411934698493,0.5834141392889308,-1.2582880987361669,-0.9275447976769621,0.18658211113412057,-0.6308487834197607,-0.7531380539200915,0.9595564157175035,-0.5097888834197828,-0.8443088803114729,0.556011114597348,0.12154924317745197,-0.8146153025475313,0.4341704429603804,-0.24036403061896774,-0.49733005396884056,0.648808563253977,0.40030676341736754,-0.7432361252651885,0.6772843571764244,0.23126651801083228,-0.5318605674561823,0.6829565711363232,0.6973537265933768,구기다
0.05418709432034096,0.367313037113402,0.609527703231001,0.20635339448987433,0.8212857879354744,0.25135604222861113,0.1840702938097165,0.8025562280976808,0.4370979517822937,0.3198839618018741,0.618933836822345,0.3470382792424535,0.5080138122235996,0.4593742206457173,0.4890722824395346,1.0,0.17835752507557,0.8210641916915519,0.8192102618158242,0.3139641105003705,0.8829663663100624,0.6776960458227296,0.7168689356108412,0.610623829698315,0.8832849513407894,0.32145383159343405,0.7196737412875892,0.09715049825939806,0.3428948002103793,0.2760771143565488,0.9888945173082153,1.0,-0.22621099757964186,-0.12068617322266018,0.0025029226116579915,-0.42599750497816485,-0.2002440410066816,0.556909687375411,0.4733366778295154,-0.12842776693500357,-0.011436961386593654,-0.2671272276507233,-1.7207933380138252,-0.2436742578473724,0.176617332489297,-1.989390762011787,-0.4000424949999488,-0.09162088845061281,-2.133923351150211,-0.5271290823628211,0.09327895240660204,-1.0422706409912381,-0.7435261207140741,0.10219560470829522,-1.4893198867143496,-0.8862797505931319,0.11586769587319737,-0.7195507660203092,-0.6847053177627751,0.17618568507201743,-1.0485881058397968,-0.7174431922943342,0.17838683386910706,-0.2154144512437802,-0.6740159267286051,0.21347613554346168,-0.741882085130902,-0.4615667805355474,0.35385531309644846,0.1373688147755866,-0.7565855882691622,0.7573123335041526,-0.39199089179031343,-0.5829120588252267,0.6829565711363232,0.6973537265933768,구기다
0.10938778160064125,0.06728951198452636,0.1600279879043701,0.3068611690959226,0.8250408231619288,0.11519691613115134,0.2849403133132086,0.9079083125038474,0.061738074680691805,0.3158294973777571,0.779764946352347,0.11287494475366154,0.38309653988327824,0.7045604018687315,0.21411853282353413,1.0,0.0,0.0,0.0,0.0,0.0,0.0,0.0,0.0,0.0,0.0,0.0,0.0,0.0,0.0,0.0,0.0,-0.248782112630741,-0.16379224763496553,0.21988914162701165,0.0,0.0,0.0,0.0,0.0,0.0,0.2024496260070369,-1.5049164336803258,-0.3364081653151515,0.472845473824134,-1.989769636732628,-0.4830281163948299,0.7355588749510615,-2.1475148975400855,-0.5830293884739676,-0.02390576388297522,-1.1707829366671838,-0.767244643396559,0.47669116148325097,-1.3108865039379094,-0.9757801657880205,0.13987078518190676,-0.60660907741007,-0.7825992529106456,0.6360521850907704,-0.9273706783786504,-0.8090405080041975,0.36150739513994434,-0.15636259897578833,-0.7816052255594531,0.7366032055550091,-0.5177628505789613,-0.5260649407235639,0.5932314415331815,0.17589078407067418,-0.7887569769190518,0.850915155143753,-0.16204949729359033,-0.5743381662523206,0.7064756918348735,0.7106565534177764,구기다
0.019181602082890825,0.2736360856625556,0.11092603178815977,0.4277148328275112,0.823531580255845,0.34030213680134436,0.3643543295043779,0.9108124631415012,0.4741187682969962,0.38093043380384545,0.5692345504336949,0.7075346471329933,0.5964815378821765,0.6112401366667348,0.4436050903007244,1.0,0.0,0.0,0.0,0.0,0.0,0.0,0.0,0.0,0.0,0.0,0.0,0.0,0.0,0.0,0.0,0.0,-0.1709929884101363,-0.12884453016057854,0.21670342491496916,0.0,0.0,0.0,0.0,0.0,0.0,0.1991173954817092,-1.3943334721434384,-0.30946895030771615,0.786583211069672,-1.718984879238534,-0.5115826487576712,1.094734587464025,-2.0092277797820035,-0.531065217681487,-0.10575116512384572,-1.3176679476681226,-0.7959594600501878,0.39833016807406213,-0.979088178758318,-0.8319340900960238,0.20854106228043637,-0.5982546773935825,-0.773693716091612,0.5015309079021999,-0.8057192821900745,-0.6718585185723019,0.4141700643435497,-0.043693057487674165,-0.7395954702114461,0.751457024363529,-0.30339889280356314,-0.45865838663984526,-0.27365337841860515,-0.0184166375466417,-0.7871861306761372,0.8775968144741603,0.046212802247720196,-0.58073991795054,0.7064756918348735,0.7106565534177764,구기다
0.33375442615438145,0.5874285222283391,0.6841683698067023,0.3238887351785858,0.8278062062985891,0.06494123577540202,0.35481611449672495,0.6551331881732773,0.14614866469975282,0.18899814829815154,0.7748820148288166,0.2529132071008843,0.3611352307176131,0.5290979806783276,0.6752643528156629,1.0,0.0,0.0,0.0,0.0,0.0,0.0,0.0,0.0,0.0,0.0,0.0,0.0,0.0,0.0,0.0,0.0,-0.1886244901991741,-0.03533466257030105,0.197276093784009,0.0,0.0,0.0,0.0,0.0,0.0,-0.6045945282880124,-1.4061204440423325,-0.17631586588747505,0.2087006913379587,-2.137020250196658,-0.2782577383505962,0.19846251530802758,-1.8693939726483368,-0.43891637962296,-0.1506309835475584,-1.601974823124945,-0.43944400273452333,-0.06858388398885204,-1.4441781449468336,-0.6378816732049644,-0.4604671434723912,-0.7630332192671665,-0.4535970856136096,0.25577006388911266,-1.2765282788581782,-0.6082672129040261,0.203672417645268,-0.4955504945065816,-0.4797925180543934,0.16688134213851893,-0.22189297314321973,-0.3761832977603519,0.26395273677674347,-0.09576874595713428,-0.5166534570063276,-0.0504773612482974,-0.6849821788830541,-0.38397158288885364,0.7064756918348735,0.7106565534177764,구기다
0.20317792416340993,0.25766443073886586,0.3266670765711059,0.4012384598232615,0.7468795365335651,0.22234575616464208,0.2518790790297499,0.941588689883051,0.10697621963493593,0.19699042708485828,0.6074919344956973,0.6281117491912044,0.3918963349434599,0.48795421883746687,0.41556435096321986,1.0,0.0,0.0,0.0,0.0,0.0,0.0,0.0,0.0,0.0,0.0,0.0,0.0,0.0,0.0,0.0,0.0,-0.2992646333518724,-0.1442651196253742,0.21519629056157524,0.0,0.0,0.0,0.0,0.0,0.0,0.9390017828257838,-1.5568838644885388,-0.40068335855761644,0.9302713291083513,-1.9931849571748494,-0.5381137704969122,1.4995202621794432,-2.3700702470664265,-0.555519404450131,0.17878962377340804,-1.5238666201479352,-0.9079450397913086,0.5281629691789785,-1.206281075695506,-0.9950312722415615,0.3640867339899348,-0.44594062862019906,-0.8176660723537233,1.045281293255407,-0.692691098009101,-0.921199425412983,0.5521632932558423,-0.4647649766720083,-0.7836502056598678,1.549136476016365,-0.8679870190835295,-0.47898222285442943,0.9379499610587819,0.4138277752511973,-0.838479210443186,1.1284227964887619,0.07223553990978981,-0.6771473384589011,0.7064756918348735,0.7106565534177764,구기다
0.2675884579635506,0.2544301179154586,0.30749079149900516,0.43079208079191544,0.9176125695143532,0.3463553278290806,0.3279548642594559,0.9470303342438814,0.18056999121476072,0.4841687871210718,0.6145825310295188,0.5332980438712464,0.36505662295352675,0.8119154643645284,0.366043756874338,1.0,0.0,0.0,0.0,0.0,0.0,0.0,0.0,0.0,0.0,0.0,0.0,0.0,0.0,0.0,0.0,0.0,-0.21395410419921518,-0.26720080737980856,0.23394222631568037,0.0,0.0,0.0,0.0,0.0,0.0,0.6966115924608857,-0.8975999106023436,-0.45494913396846515,0.8092094455289427,-1.257019626888356,-0.5493057315065961,1.5270601179134649,-1.487502218772617,-0.5802727120393092,-0.03165354092164046,-0.7049128047369607,-0.889635036509798,0.38973805142639556,-0.5215113217167372,-0.9978958286847519,0.24698269641448956,-0.49784524718326345,-0.8313541107908613,0.7438516825608346,-0.34264647845374185,-0.8961168343086724,0.09947509248219957,0.4212976416997237,-0.8323332182783079,0.8928002483556141,-0.011318010033968533,-0.632562526529459,0.380144689580091,0.3305579817124858,-0.8809349495147475,0.8714670305201766,0.3342988984024728,-0.5912466322161511,0.7064756918348735,0.7106565534177764,구기다
0.36236108530722255,0.1621367866423928,0.41054460505681273,0.2842983641352543,0.8748247707160549,0.4388604789159016,0.25368003096711084,0.8442677979396453,0.8294439203381808,0.2894342999854718,0.7594083743089578,0.7832777554667,0.3862104626046625,0.7777741919796927,0.5475704897293882,1.0,0.0,0.0,0.0,0.0,0.0,0.0,0.0,0.0,0.0,0.0,0.0,0.0,0.0,0.0,0.0,0.0,-0.30964471463356774,-0.16901058438073982,0.1939957810673691,0.0,0.0,0.0,0.0,0.0,0.0,0.37626861659983246,-1.975742996546337,-0.2965083251248098,0.43153442926876784,-2.438624725357191,-0.47827350652146633,1.1427598105625525,-2.5433630103741947,-0.5466275490356663,0.22120038652012836,-1.2742178280222898,-0.7739657120619142,0.6360978481179447,-1.4316296477554886,-0.9570428380080476,0.29690175125645096,-0.6345899700031779,-0.7135439160081306,1.2775140866209471,-1.0900113558702655,-0.8426483015376302,0.4653592867771835,-0.25644810890535663,-0.8310070590849855,1.2523179485864564,-0.8683779754878839,-0.5034474352328681,0.9379230389800429,0.11476234674666651,-0.8063563928160385,1.1992753908856968,-0.38878005898190937,-0.5595817091396589,0.7064756918348735,0.7106565534177764,구기다
0.019912257470885347,0.37834522028034817,0.09544481877317562,0.4998847529429815,0.7924111389904925,0.3857078912783533,0.317595354247813,0.7817957778605539,0.4389420685860398,0.3556334333112527,0.5644045811728048,0.42170239874568416,0.2759233583797042,0.7922883690746253,0.3528417763128324,1.0,0.0,0.0,0.0,0.0,0.0,0.0,0.0,0.0,0.0,0.0,0.0,0.0,0.0,0.0,0.0,0.0,-0.30750332171279243,-0.1926205193340576,0.22521638818923262,0.0,0.0,0.0,0.0,0.0,0.0,-0.3086493067800058,-1.2574356165780238,-0.3041343100800917,0.19350675337122578,-1.6091002595003465,-0.479962187842231,0.7718311146583263,-1.9024472212330175,-0.4889878171677677,-0.37704630900271924,-1.0888534249997193,-0.7773805251839485,0.08913622414339706,-1.22280335982013,-0.9724515662583679,0.5915746351269704,-0.19549048563960836,-0.7821911026717078,0.8951758575148717,-0.896495035942153,-0.7366868035212019,0.7779342213982735,-0.04662027822012395,-0.7783809619831389,0.8313031426848901,-0.609717912682553,-0.5405611953443202,0.6108335812334645,0.05252803239653648,-0.7489894545192364,0.9942526682324235,0.09784412736655741,-0.6172321852587327,0.7064756918348735,0.7106565534177764,구기다
0.02301864153949254,0.3426371099723534,0.3347768576643576,0.5972783371209212,0.5483877173083924,0.589593999065671,0.18805393075697033,0.9465287245572547,0.29984097240344226,0.3702754703184443,0.8865810096364923,0.6950428185914129,0.35343976433334895,0.6287263736268285,0.4437524387236174,1.0,0.0,0.0,0.0,0.0,0.0,0.0,0.0,0.0,0.0,0.0,0.0,0.0,0.0,0.0,0.0,0.0,-0.19203782911505643,-0.10828478329398938,0.21984411474682922,0.0,0.0,0.0,0.0,0.0,0.0,0.07661521843226629,-1.3100788002695323,-0.29765466048718053,0.7494593873040496,-1.62481231093656,-0.43008486848924316,0.7731216854299504,-1.7547626164719188,-0.390640766556775,-0.6901439804503,-1.013253605711569,-0.6096990688674727,0.37128287783387964,-1.3063968271598148,-0.7911496163174991,0.5013188681003163,-0.5174791460001713,-0.6934657352324994,0.29970728340481567,-0.8975062301945075,-0.7313399534029305,0.4412641925141388,0.03487743597908566,-0.7141560563864834,0.4562843914169208,-0.6749796102286448,-0.3142550458064249,0.29787861115749176,0.014059609855045254,-0.6872200672486044,0.9180852246469049,-0.4206010376133057,-0.41678793935608743,0.7064756918348735,0.7106565534177764,구기다
0.2223668320307559,0.2658747002425671,0.20261518145173155,0.19866874625511516,0.8581711215741102,0.13886035537708633,0.2595646809175844,0.44284418805183434,0.6735062838531641,0.2706227665418387,0.5663572784781715,0.5301983053048227,0.3489748038166302,0.2510960921821409,0.5649105694482267,1.0,0.0,0.0,0.0,0.0,0.0,0.0,0.0,0.0,0.0,0.0,0.0,0.0,0.0,0.0,0.0,0.0,-0.24118322284730043,-0.20081201539168927,0.22065419196859623,0.0,0.0,0.0,0.0,0.0,0.0,0.3919634454233163,-1.6626109554929567,-0.36340005820467475,0.8770619548032579,-1.7529423100269752,-0.5362725359706101,1.1258603508876366,-1.9991761492758044,-0.5633566978075475,0.4863488639334651,-0.8286733626276622,-0.8641774635363272,0.6444566641828156,-1.012529156802923,-1.021356494755814,0.5378971482886747,-0.16054947942985806,-0.8275811274538061,1.0209193609196254,-0.5356851286189704,-0.9783419377203063,0.6134103598895373,-0.04266085417799323,-0.8038502150188017,1.1665196843816454,-0.44432131585764484,-0.5511745082599062,0.6115536383699255,0.29683708982785495,-0.7670604815469607,0.9553686734316598,-0.11443761827134326,-0.595112734641696,0.7064756918348735,0.7106565534177764,구기다
0.10212783852139545,0.07017357757396173,0.1688557997336857,0.3047589818501813,0.8080393323608269,0.1332126393516654,0.28332501875761357,0.9064682945023274,0.062437263173951006,0.31469845035826904,0.7893768602128488,0.10098695377276835,0.38067272859494816,0.7223294267473148,0.19919160260880658,1.0,0.0,0.0,0.0,0.0,0.0,0.0,0.0,0.0,0.0,0.0,0.0,0.0,0.0,0.0,0.0,0.0,-0.26972741928346633,-0.14594907112986794,0.34293724698116723,0.0,0.0,0.0,0.0,0.0,0.0,0.1933079741153228,-1.5132931470387079,-0.3398981000019427,0.4571208187608286,-1.9940352178267913,-0.4780822502987253,0.7435045264162191,-2.158169974102349,-0.5676643485084604,-0.02545460652488172,-1.1585097775736963,-0.7805039329582582,0.4945420747357834,-1.2900024054884314,-0.9709231790370342,0.14147559602679222,-0.5981463836991303,-0.7888000756823726,0.6279987623798942,-0.9020388958127838,-0.8112016231983457,0.36109329903064047,-0.14887041066369075,-0.7809455773914428,0.7215343378127725,-0.4969254672304544,-0.5266773398794812,0.5837096269032986,0.18143025485924819,-0.7812500288029252,0.845226743337897,-0.13976788311997443,-0.5816627838854739,0.6929133322076847,0.7020856353355905,구기다
0.45244607838796896,0.24109236567385736,0.33487508154214213,0.21335008686886417,0.8015160406071956,0.173475592044736,0.22697678955319556,0.7321773848616222,0.21865509713210154,0.34154910264412897,0.2758246255600719,0.7674042381624077,0.2822384974037685,0.7906128378942802,0.5370866129926092,1.0,0.0,0.0,0.0,0.0,0.0,0.0,0.0,0.0,0.0,0.0,0.0,0.0,0.0,0.0,0.0,0.0,-0.27291334228989717,-0.1531268992921346,0.3582877838765568,0.0,0.0,0.0,0.0,0.0,0.0,0.18426404013064598,-1.0937125575740692,-0.3340594443390702,-0.09020566165214447,-1.9931823119090977,-0.5073131238114376,0.3761132674369815,-2.4756744926628036,-0.5918429233960342,0.1627344193880443,-0.8370415692246357,-0.8366294773372646,0.3350933920546527,-1.2303898819919197,-1.0875859469280647,0.006688253650399751,-0.6578037644793463,-0.7531596608289034,0.6394346148513539,-0.7619753827218273,-0.8439102540670983,0.13736629628344132,-0.1860030546173302,-0.8393471457013553,0.353735221565973,-0.9195997252268381,-0.5854518147188781,0.6071537878240213,-0.09455808044444582,-0.8068753213099222,0.44149694935879263,-0.5009661561406409,-0.6466461904010445,0.6929133322076847,0.7020856353355905,구기다
0.18619081289812003,0.18513094289257365,0.3980510744425746,0.26742440062609824,0.5464253712360206,0.5911609251122671,0.2006614006778287,0.9561476562304546,0.28308717437274006,0.38226465125596265,0.7563543140979393,0.23761873056987182,0.29706073595200383,0.7035289679650449,0.5236440854213972,1.0,0.0,0.0,0.0,0.0,0.0,0.0,0.0,0.0,0.0,0.0,0.0,0.0,0.0,0.0,0.0,0.0,-0.4011743098150443,-0.20325298167375672,0.34238915391751573,0.0,0.0,0.0,0.0,0.0,0.0,0.9294590534502153,-1.604654839267399,-0.2940192926322326,0.9764244545687737,-1.804644378175767,-0.46201201211802845,1.4607400140646194,-1.8264047652185962,-0.5453548168107805,0.661582080886176,-1.2679529363376898,-0.8202977185564618,1.0077090735081782,-1.0854875042373666,-0.9878849380515161,0.5770326222352348,-0.3298866212373901,-0.7471333013625531,1.1940801710758577,-0.8376628901818421,-0.83278448781217,0.4767527075880049,0.28836368179563426,-0.8590000459835105,1.204750441429636,-0.2505325450289112,-0.4817499903349325,0.8879946883563118,0.3833023227843707,-0.6814959733866552,1.279177076433509,0.033429734196441546,-0.6494282950400786,0.6929133322076847,0.7020856353355905,구기다
0.2518657188809084,0.34791089181611,0.649449275842815,0.3567858912212093,0.95574077360625,0.10540190967338854,0.4777526912204482,0.6713293140999572,0.5624452402014203,0.329036122693447,0.8900965314579793,0.06308139189155039,0.41316796956885954,0.4412857477032816,0.4791536463409058,1.0,0.0,0.0,0.0,0.0,0.0,0.0,0.0,0.0,0.0,0.0,0.0,0.0,0.0,0.0,0.0,0.0,-0.21197252287610158,-0.11794222686207259,0.33317869452873644,0.0,0.0,0.0,0.0,0.0,0.0,0.06611731645769559,-0.9794548815022074,-0.27266814618238094,-0.36297751206808965,-1.7692789414260701,-0.3097209687892925,0.191191946916127,-1.7613508245062726,-0.49092578632695943,-0.13785270503727115,-1.0250511772291697,-0.6428067901301036,0.04112554506778324,-0.9419493969806637,-0.8364661976288872,-0.30450929858279097,-0.7001805198018132,-0.6457718844659307,0.30669017830643674,-0.8449695583232585,-0.6297084955877424,0.12118178066344654,-0.44781381539278964,-0.6181495679054074,0.3110407375845077,-0.6650635112202523,-0.4062072341217248,0.12662787794059588,0.052030765722361885,-0.6184018497586903,0.5474436271415162,-0.3657464722183843,-0.47982418032990626,0.6929133322076847,0.7020856353355905,구기다
0.263500503119607,0.42193950956232584,0.15937285142251553,0.1590008616895564,0.6489278392880261,0.27484117719628165,0.18131317867181274,0.6711367660189915,0.6684201311534925,0.41199009446625556,0.6554197221018311,0.3078946416218641,0.2965857297578465,0.6571862402653467,0.37651516980578925,1.0,0.0,0.0,0.0,0.0,0.0,0.0,0.0,0.0,0.0,0.0,0.0,0.0,0.0,0.0,0.0,0.0,-0.32398795169680195,-0.14558048984896893,0.33192335779733223,0.0,0.0,0.0,0.0,0.0,0.0,-0.16508373204425514,-1.230415877760201,-0.27416127714905103,0.040115932692790665,-1.3717844874084142,-0.417166564838376,0.48780390338208807,-1.9538716355653603,-0.5022187014329863,0.19818852907920803,-1.1318157152311075,-0.5912162570492987,0.44668742596132177,-1.2025852318978878,-0.7996897794590072,0.40901423974455364,-0.6611860813468301,-0.6289199611392596,0.5573911742737018,-1.0661376403454528,-0.6311201186276819,0.301169577321765,0.03222571353498822,-0.6959156446348317,0.290118450872357,-0.4226506681699633,-0.41156968258006243,0.49714388532264964,-0.01104102821863086,-0.6446882995228316,0.6661985878001435,-0.3529083906061342,-0.4401139419821735,0.6929133322076847,0.7020856353355905,구기다
0.4780354078892291,0.22216964527647276,0.5905000211959979,0.42606856742983523,0.6541639277116322,0.9251778153996016,0.41352996031425965,0.8191316840016409,0.7605986171084398,0.3116789812645439,0.924932035319455,0.29371897383730894,0.5638231678028122,0.2424014064601007,0.752895070056087,1.0,0.0,0.0,0.0,0.0,0.0,0.0,0.0,0.0,0.0,0.0,0.0,0.0,0.0,0.0,0.0,0.0,-0.2537450422134444,-0.21573003888367775,0.34605066757069797,0.0,0.0,0.0,0.0,0.0,0.0,-0.07859062279180923,-1.1494067527499792,-0.3247768039673226,-0.5852139600864923,-1.8205434542786063,-0.47708381192240623,0.19973967819041738,-2.0839828105838305,-0.6079727628404046,-0.6223264523570614,-0.43278853237003817,-0.786128364903207,-0.011523009300140571,-1.7942641845886405,-1.0455585340520668,-0.04044265418881164,-0.05901763534615927,-0.9974373716882239,0.29932533227377833,-0.930591468137544,-0.8101802315433704,-0.0035227488022389238,-0.48209339975633975,-0.8308968220105285,0.14623342543744103,-0.3939168152200523,-0.7315825905881956,-0.12698743970244103,0.3229204382281924,-0.7431604251371997,1.019410044613378,0.1972747518266232,-0.6825749136652469,0.6929133322076847,0.7020856353355905,구기다
0.16397583699511542,0.18810292449610458,0.2352768186217172,0.2589332156091012,0.8406288152025203,0.2242490834159331,0.37184138989899485,0.9329930004262988,0.08802567834982715,0.47474439430375265,0.7081932143530804,0.530067934539768,0.2967385443145969,0.7219372039365165,0.226694120143726,1.0,0.0,0.0,0.0,0.0,0.0,0.0,0.0,0.0,0.0,0.0,0.0,0.0,0.0,0.0,0.0,0.0,-0.2136969881179815,-0.07115813934075602,0.3419455576022579,0.0,0.0,0.0,0.0,0.0,0.0,0.2971837981996298,-1.2051581009925292,-0.2536962860537203,0.47140429070650774,-1.2924389514725498,-0.3317607981614305,0.6437330883862455,-1.745229341445887,-0.419311411168411,0.05889202577649382,-0.907002679752291,-0.5350138855043122,0.47014146116000954,-1.2076192571010773,-0.7762480663739315,0.18653026360084643,-0.7218817235653419,-0.6664032097336641,0.14301705503457576,-0.7281900437035803,-0.6159527828271604,0.11103393641512312,0.158767172745195,-0.62856466703998,0.772809970985946,-0.40030259201740337,-0.38547531515525824,0.3786413479450914,-0.0038852353711998308,-0.5443523805720296,0.4293828297765993,-0.17716387260413116,-0.4180366879744338,0.6929133322076847,0.7020856353355905,구기다
0.07817096906140991,0.5949627522608858,0.37427446006454784,0.2414138857714393,0.7928328219105056,0.02420839111732861,0.20786643938707286,0.8712331544465344,0.4902806887809059,0.2317017744104623,0.7469554144899925,0.6129715472466322,0.36040707512535086,0.5095511199230116,0.7740560024368579,1.0,0.0,0.0,0.0,0.0,0.0,0.0,0.0,0.0,0.0,0.0,0.0,0.0,0.0,0.0,0.0,0.0,-0.26861627447331754,-0.07454306452257127,0.3461251396726469,0.0,0.0,0.0,0.0,0.0,0.0,-0.7562157291363308,-1.9097679004526342,-0.2992126517768009,-0.33421611240610233,-1.8630983865267507,-0.500110392663087,-0.08237241183427381,-2.369212990746979,-0.6061109086169545,-0.29942012250792416,-0.848557239830183,-0.816037999001892,0.403892616563552,-1.6125932090834658,-1.013527327948334,0.3975639270994846,-0.5601220816282882,-0.7267779423879269,0.6082576002282358,-1.2746715646528224,-0.7430155547372517,0.4860866680342689,-0.9071169608044883,-0.7620215567541632,0.5614287428602254,-0.7607849366115542,-0.553138092142882,0.5709068522593762,-0.0933542962312577,-0.7834193745636564,0.8248296367208415,-0.8742689023096311,-0.5805973806011657,0.6929133322076847,0.7020856353355905,구기다
0.11947236510145176,0.20764268893816326,0.07554681049298001,0.407666922332366,0.8062832008690076,0.6720935140378206,0.1458947100598079,0.9599914396168052,0.08805219850434877,0.20122712822708042,0.6076562239477394,0.5354817451872482,0.23036660853679108,0.7348971175163665,0.6548437282717738,1.0,0.0,0.0,0.0,0.0,0.0,0.0,0.0,0.0,0.0,0.0,0.0,0.0,0.0,0.0,0.0,0.0,-0.290453392185433,-0.05333613201838607,0.33085942614266517,0.0,0.0,0.0,0.0,0.0,0.0,-0.010721480836213937,-1.1809538833710287,-0.25549445688780775,0.35230785047543695,-1.6930554395482085,-0.2916658176359804,0.5760241595743453,-2.0303588985693266,-0.4137411265660241,-0.2512061218605036,-1.495405278036246,-0.46545997732078326,0.6455453332613261,-1.4540150101297842,-0.6345631405550743,0.43688262521892346,-0.7167088640282882,-0.543564141574021,0.6056316797963789,-0.7822965556387891,-0.5829771084141604,0.34319674138224254,-0.2985179606778188,-0.5004711010045672,0.8195785170894672,-0.9439026392804367,-0.2152259667258663,0.5284577034407376,-0.2851960709656634,-0.5574477496019005,0.8757842975722204,-0.38275757725840304,-0.360630672953262,0.6929133322076847,0.7020856353355905,구기다
0.10745149300065536,0.07630084412099825,0.15215229799365435,0.30206915158772873,0.7937702586646251,0.14857995233751292,0.28387770418472735,0.8941113146660284,0.07588031516047405,0.31468583174022086,0.7887854316483249,0.1006414345235575,0.37912648279341554,0.7327531755207147,0.18465005942712354,1.0,0.0,0.0,0.0,0.0,0.0,0.0,0.0,0.0,0.0,0.0,0.0,0.0,0.0,0.0,0.0,0.0,-0.22522104527076048,-0.15484907892730967,0.11900018300057273,0.0,0.0,0.0,0.0,0.0,0.0,0.180959503838085,-1.5016503436344304,-0.33783957277113735,0.44676637995518736,-1.9612595978762053,-0.48228424031779965,0.7359032036609262,-2.1384292250432666,-0.5819157404937029,-0.025149233693550738,-1.1510201017916528,-0.7757332411676024,0.5087345592721352,-1.3042122361812463,-0.9834410204710242,0.14557226483340896,-0.5990601638486656,-0.7873599150330691,0.6495658456961931,-0.8998357436654676,-0.8099969892696561,0.37164829516943537,-0.15098226797931838,-0.7824491534339636,0.7463839594489379,-0.5016579959231652,-0.5317958218470829,0.6019020975383805,0.1803991403429695,-0.7850838726632524,0.8562407904234289,-0.1330537948926408,-0.5840161559732805,0.6818615378506615,0.6943005647236478,구기다
0.08124009567287326,0.11023642410575307,0.10646188348348934,0.14031090917896677,0.1584060739651974,0.08967364694480758,0.10929558626297622,0.17220461540773516,0.10612240845029638,0.09349293227982867,0.17115690478827372,0.10169269978338688,0.09223423686827344,0.10130000827671888,0.056560179601076996,1.0,0.09763264608783355,0.11196451336031255,0.1417830581033651,0.22392851460044294,0.28085690243977696,0.1589224695230392,0.1949535243384824,0.2914087937936654,0.22902416014927088,0.1466145165959739,0.29421845138179187,0.2515659646916498,0.14238943901578566,0.19740474577656553,0.21126797387570934,1.0,-0.24199314086380364,-0.33656569943283304,0.28045884120831643,-0.015035649623367455,-0.4104955595428128,0.46902645892612843,0.6508882960461371,-0.010297053687683478,-1.2977081951241408e-06,-0.00658087470541463,-0.8601927229641246,0.019880084589590855,0.11784989839876688,-1.144966292448286,-0.03992641004959102,0.27703929514141934,-1.3153494949690208,-0.09490065886904575,-0.17163683490046486,-1.0154517947466328,-0.0384136472458195,0.3344676504633949,-1.865595656865871,-0.2662491786245872,-0.12856734834669514,-0.9832224625968072,-0.12939870936052528,0.4077723826990992,-1.9092889003415634,-0.29213973540934673,-0.011758936001618385,-0.88872779439285,-0.22389047125993727,0.5229394699815672,-1.70898160750016,-0.3439121161594666,0.16098357395627289,-0.7514977116944299,-0.31631699090027143,0.5417336097895691,-1.4592801531839823,-0.3670517513989193,0.686559929458741,0.6706090528986366,새롭다
0.39071393221461514,0.18625841893710937,0.19785384486354857,0.11594381233805594,0.29592265055854666,0.4697477771397909,0.058316081922021944,0.36871470162733255,0.4503743041998375,0.26921806373597407,0.5031754932587074,0.7216275021534531,0.2906083818259628,0.1503301364636149,0.3922118651739379,1.0,0.2048736766316618,0.17613131397003387,0.49507430348070003,0.2483612894836036,0.7443799214995958,0.7989780541439024,0.22631472096370472,0.862555337025202,0.6968515288864466,0.28400564309082466,0.9317156706094025,0.7957461635667742,0.2675646661604765,0.14547667270294082,0.7620058585930922,1.0,-0.15604175684817162,-0.4333339028344337,0.29985690753508565,0.01380492348933031,-0.3659134479406339,0.4494289838412294,0.6282203524678517,0.09449405931455322,-0.029071489517860687,-0.12570770414416793,-1.271077864315182,0.06077352942692915,0.1534234960846872,-1.5581941664194234,-0.007289762469408853,0.6066372044456744,-1.6514142946611274,-0.21397665760500442,-0.08329642860787287,-1.3677557633495256,-0.12083461888982112,0.6452327154309059,-1.925164665181671,-0.4332354089639325,0.07646846923221993,-0.9759024468783225,-0.204369732079346,0.8981655142623908,-1.9967779722681045,-0.4650138379887093,-0.21760203516589105,-0.48369680298476747,-0.34828531979582356,0.8532918630087292,-1.902418599692137,-0.5885119951278434,0.41791756820045195,-0.4194653909392648,-0.48491328158202146,0.877739714081456,-1.8390697497411927,-0.655392298647803,0.686559929458741,0.6706090528986366,새롭다
0.26262170140392554,0.39974866174323936,0.4782640493716683,0.23581392863741188,0.08186251069204577,0.10657813128911627,0.17015026552002954,0.3002432209935201,0.08460392447975643,0.23158777415534987,0.020600407051284866,0.43221169312454594,0.23543320510153687,0.22225572051610687,0.09587651050952507,1.0,0.28063050892314184,0.2909080089209293,0.5212376331514106,0.2923359516404045,0.3383260038659518,0.2750773861165915,0.27108676599913833,0.8337897720873684,0.8274715198875217,0.18775099834551934,0.7117062440275266,0.25472996309311974,0.21152960163523374,0.1035209831118512,0.39530862021372865,1.0,-0.24275694318854957,-0.3508051808169408,0.2955841719317555,-0.05703946943276997,-0.44702263480438936,0.4629656576824416,0.6356090761063576,-0.028373300587983118,-0.015314240530448683,-0.12265296095686204,-1.1264814695437713,-4.873062345963117e-05,0.14048965489858437,-1.10715475162326,0.014398760670659911,0.21635870944954344,-1.579690416151603,-0.1162235442765462,-0.3125234428120635,-1.0406005918245596,-0.08062539170211283,-0.03275240434394806,-2.207645187272311,-0.3230429448919506,-0.027759282247543277,-0.9741650855293269,-0.22412453766765558,0.09219731633591768,-2.702051497771156,-0.3869077958139154,-0.33052869122860173,-1.2052131104031942,-0.32475965917106286,0.3162677935139159,-1.9686079887873722,-0.3878861088935962,0.21966975574260256,-0.7525117223372604,-0.4191605317463777,0.298022551087457,-1.8264108954793348,-0.45598145470708235,0.686559929458741,0.6706090528986366,새롭다
0.13593689578387907,0.2642523454265951,0.4380750875802885,0.11345350878665818,0.07637644625033216,0.7069410750257412,0.19746398647244584,0.13630085001045333,0.4039090868054858,0.017876883313303026,0.49360183925895335,0.35636955696499384,0.23859110420264165,0.12566159636009552,0.1124341382400229,1.0,0.27908623435525426,0.14487737669110687,0.2798781510828691,0.02557810438528805,0.48307105775340714,0.31662669713737135,0.07163184009717825,0.645905821930076,0.4063102078341175,0.169686849141028,0.4390287192955769,0.5434117546887632,0.09776989108640297,0.5644504122763886,0.6940428402168956,1.0,-0.25336096694061094,-0.3210607484572418,0.26796727801191467,0.013981968272427918,-0.30792123830207974,0.4551182027167598,0.6656146603781923,0.05320272841441763,-0.0026407980839210686,0.03489994810060835,-0.9836602509930825,0.00815670248864776,0.2992817362483135,-1.2447191340894537,-0.029565391388489425,0.2579986480406131,-1.3049047337549977,-0.10938135747287137,-0.029396894070792295,-1.0016790200231285,-0.026007904261150225,0.4176670621857758,-1.7672434097830716,-0.22221643794319243,-0.15372613349092173,-0.9838672145768957,-0.09150726726676917,0.6614273617996472,-1.7330853946136187,-0.23730212044496526,0.0145137465364757,-0.974345248977215,-0.16401439093751935,0.6653402149358613,-1.7412012543236328,-0.28236720178927915,0.1719089263606957,-1.032249730662077,-0.2789964143943365,0.7363362450233141,-1.3916022842791755,-0.3059144936472693,0.686559929458741,0.6706090528986366,새롭다
0.34897281678379394,0.233133687057017,0.3040392160872071,0.08103465535535856,0.30282444854220586,0.5428387799066915,0.07886477792005672,0.2448420632949317,0.5117667701498808,0.379262640536864,0.41962912389021567,0.5382247423079272,0.20581386927359205,0.06290174138800154,0.4282582703650326,1.0,0.27774815919492885,0.03211812638834123,0.3887485865321282,0.19645535012622073,0.2900669045567165,0.549431912525079,0.11203706650908044,0.48356218017702274,0.8186919300839434,0.0535322751694622,0.6875151170876097,0.7560967832882501,0.06259559303663254,0.23107946809134994,0.42525631883747533,1.0,-0.27300556204034204,-0.3327859170504565,0.293733823909724,-0.011959495141277428,-0.37237037787357125,0.4704534743424148,0.6639094765885447,0.015468028066103043,-0.007985931060906929,0.25454786083024794,-0.6821804962130804,-0.005249934444245881,0.33618114519267245,-0.7350774598668842,-0.07760841534291212,0.40807596564851045,-1.200415203684815,-0.1131905982043462,0.09709624336417394,-0.8045904291540259,-0.0248125196875261,0.4976566798020685,-1.6807568899244925,-0.31059211501790757,0.24138304110717657,-0.9563378496911406,-0.16477907850809362,0.9024612948881678,-1.6579118976631875,-0.2916788724357257,-0.09702299041391564,-0.8647320141169128,-0.24917800652380587,0.7333105962824,-1.7051897648270533,-0.38653204826829346,0.5086247151011478,-0.7163779685283349,-0.25697812325430636,0.6063333113221939,-1.2170035427558648,-0.3907446826864716,0.686559929458741,0.6706090528986366,새롭다
0.28220087459547777,0.42555346201421324,0.4320147147211833,0.11472646348342957,0.21173445203085664,0.9013905385465609,0.1540495823403881,0.21861372723405736,0.08103320303941011,0.0842652811735398,0.24400976429502944,0.4784047806880961,0.2263440177362198,0.2745047100120458,0.9615758189053253,1.0,0.2961099092551858,0.4095201832162638,0.09129353072434411,0.5351858513022496,0.42815649896408325,0.33077678853283976,0.17644164234621298,0.4600969190062428,0.9091558676224393,0.25205299603128517,0.07587819630570634,0.6627664010752904,0.13669931147196968,0.39950490669003585,0.776940027581599,1.0,-0.3130670303852481,-0.3472227662721977,0.2775070052465325,0.0642149720783176,-0.4111883541431211,0.479836639511495,0.7042376408024706,-0.0031986937619625485,0.010835855419987068,0.09880669744343706,-0.9542881208564714,0.07696575315937057,0.21877919711803748,-1.0729869956596114,-0.02326847557293266,-0.04241397664087099,-1.4271201335956931,-0.10208708046951885,-0.11941602225073812,-0.8419989303803567,-0.008032342740158117,-0.015343553652251653,-1.878667501327818,-0.30587062103094637,-0.30712507215505,-0.9443495759760514,-0.11780521383880804,0.30286668327435545,-2.044423215961034,-0.29906471250128125,-0.0012259342164045648,-0.8866431879824448,-0.20210037837132958,0.19558460962583646,-1.6823342765436575,-0.4061034614237715,0.3336282465447705,-0.7273244618041975,-0.26515663199358874,0.2833089180683381,-1.344015278633862,-0.3805185490153716,0.686559929458741,0.6706090528986366,새롭다
0.09295902376449236,0.5213127908580163,0.415926299699088,0.14241585376658142,0.5591162036847689,0.7605239802214473,0.0854450159964761,0.1812272682201527,0.2683054963432875,0.1361293160301308,0.5046728982866215,0.247065011007651,0.183358221106237,0.5413497785559677,0.5210356700296329,1.0,0.37847082421110617,0.5326899080223058,0.662768702356775,0.5076954825885981,0.7088001622902297,0.7647225478742626,0.27088918874494167,0.6787260652337497,0.8824154601452657,0.04861467766702552,0.7275685104934013,0.8593415733977888,0.4014348675425266,0.503532943667263,0.6179678467091423,1.0,-0.13913653872394224,-0.29902362779863906,0.2727396265425389,-0.05435465139956325,-0.42604273790479913,0.4696909150345423,0.5944034788233052,-0.04855839598583934,0.005818799140393733,-0.2518277321843818,-0.9285023746693718,-0.015803362951366764,0.380196864211839,-1.1479546718654787,0.009811465543934928,0.37173347606419754,-1.412530438931691,-0.09790946274497044,0.04455944975224699,-1.272740946124529,-0.06348778830910454,0.27891676258379117,-1.947735254118749,-0.28839583695859194,0.0028328077781259045,-0.9938998322031747,-0.11025016438352067,0.7578004944317234,-1.7747619951415694,-0.26111512616095367,-0.13086824157778223,-0.9585148976036963,-0.24952324708777596,0.5878290477522297,-1.6900381290674182,-0.3225962984908,-8.192419240068105e-05,-0.6756503028620403,-0.3040128661456028,0.5360681233039607,-1.3569661200991376,-0.3502094232129574,0.686559929458741,0.6706090528986366,새롭다
0.4427196231256645,0.2080994917804374,0.22373380367584075,0.26589128286206487,0.41700794893514476,0.6071379113537612,0.13533382389831905,0.28296607671669893,0.6299475406327888,0.023221387945646148,0.36407969910825533,0.7980622887465155,0.13994713756117047,0.2575463210966329,0.43743894429772817,1.0,0.3407301925823145,0.541458637688034,0.23231527240811564,0.2103669303515141,0.8464756566291585,0.6997752952338105,0.09278868020042025,0.11472138381665518,0.7241854524987095,0.17448026144230314,0.2626794643327544,0.5557362757287291,0.31805083454880095,0.2480938076552845,0.6830886394435403,1.0,-0.17935241395777704,-0.3645566604191487,0.2804401055634193,-0.05554868666415796,-0.2935646550499818,0.4577992616675597,0.610531174952435,0.09410004329987777,-0.00902274758754644,0.0012467540063741485,-0.4888301410763844,0.03264206271737182,-0.01877953617326138,-0.8096986777616991,-0.010404163883623217,-0.09391834778933252,-0.8990776547402716,-0.07420448667185825,-0.26616742469842697,-0.5600497952134407,0.018138839468600797,0.07821269326643333,-1.2687894992700137,-0.22267370376886042,-0.23252866223402524,-0.9648515317576315,-0.12244158976674105,-0.02557365861293722,-1.4693932540571257,-0.23978572274394439,-0.16515583042234067,-0.6268422519689838,-0.1478774325042048,0.17472086219612412,-1.168384267414101,-0.2519369009528261,0.010789429046804796,-0.5899893299723562,-0.2173953760819969,0.36912564223952854,-1.2534499831929946,-0.2709749201197191,0.686559929458741,0.6706090528986366,새롭다
0.37863413955618924,0.21614859324622995,0.5315736471615529,0.37355707352131984,0.1939363313480678,0.622585417126819,0.1766040830729858,0.17320364252812528,0.2699546137010849,0.44076236617456727,0.18404903297551786,0.5158337874044499,0.5260630933184763,0.5230800454192848,0.32754490539681846,1.0,0.13966198737048777,0.4176860540405602,0.2531690731985678,0.22585991651479229,0.2124613069880338,0.6929090329504195,0.07251250058007026,0.6034091564741023,0.21191285046034863,0.4551230224908273,0.31138803605120674,0.301238962036369,0.3007403292231806,0.8841224408352748,0.6686192908282682,1.0,-0.18693695440908195,-0.3248763713821318,0.28845801717670994,0.03931370148557226,-0.471087632813599,0.47563679167444756,0.649663671824191,-0.06604942806150216,-0.00012441157876533153,-0.08900315413227908,-0.5669336794215172,-0.007972961684132095,-0.03675306061638797,-1.0377887746472425,-0.04531964823158454,0.15095949107511245,-0.9877534934609686,-0.1407785741909791,-0.27430413084504,-1.0211443529318516,-0.02427147975364613,0.4350784925067456,-1.2886844124375412,-0.22636773202062802,-0.15348305466595166,-0.9829133343354859,-0.1016087059060682,0.32939153552659234,-1.4695178310334216,-0.23879252688882321,-0.3058445084608566,-0.9879471965041459,-0.19743250143570396,0.3693872695355012,-1.4677085520906734,-0.3255864694350704,0.28264815524075243,-0.5913760725320019,-0.34489961839308014,0.34328427570014486,-1.2667752473988179,-0.264440884207343,0.686559929458741,0.6706090528986366,새롭다
0.11277457533365938,0.14842856933409362,0.1367416064912906,0.16867105866560486,0.4308078737784987,0.3032195758880631,0.12848769478887725,0.5933090455965254,0.29019597590609003,0.09419597889314048,0.6641204110289635,0.24849757022416316,0.09374325033955434,0.5781595270194677,0.3189417614537058,1.0,0.1283191256569092,0.16509060959050467,0.14638330362631613,0.16648233703529652,0.5548935048928534,0.2709408928228842,0.1279092182237879,0.6689554545331644,0.24839892530208288,0.08129268822999533,0.7643513196758328,0.18251967277582865,0.06983196544275769,0.7629139055938742,0.1453971494151551,1.0,0.0029885395767818555,-0.39392281451510314,-0.22551908094710948,-0.19612475629905632,-0.381423141612245,-0.014724356774434687,0.4468402146352207,-0.017002851123633735,-1.387066674851658e-07,-0.16079126877007952,-0.844021118856229,0.0715224378499407,-0.043626936198021646,-1.1021794482171774,0.030494171544893648,0.10519425203229787,-1.2301952664073972,-0.0010588727725028154,-0.21897183098791118,-1.0089721237799372,-0.001973262836455247,0.15152885686778278,-1.3539710771805114,-0.05959799223376616,-0.07515867769561728,-0.993488193456561,-0.08562933276316564,0.25192566215327505,-1.2907014655087377,-0.08975214630341462,0.09647243240440363,-0.9278188674081317,-0.16311112338088224,0.3605433349223711,-1.141552007450928,-0.08608441229594957,0.2769735171186124,-0.8286655234540905,-0.23745028783971128,0.47525443894212216,-1.0358144378852825,-0.13342723132353912,0.6544120145052541,0.6634763507191513,새롭다
0.040895605723433114,0.24577953389311363,0.5133136747077028,0.3380886771061446,0.3580475366698012,0.5543248102546243,0.10747538752919353,0.19547620984148548,0.669907211351941,0.23659854974041017,0.7615509692473461,0.20805011133338788,0.18897660807447547,0.30080135382637935,0.7301404148214126,1.0,0.17526316110057352,0.46229240837107083,0.6805647007224558,0.109572641938064,0.640181766678323,0.40538172037393816,0.2981156228782137,0.261202725298711,0.7846968300723425,0.0928934093236689,0.2199242345505886,0.5963473326617378,0.2551697520618687,0.6901347353476253,0.17052495839037424,1.0,-0.024815305257059196,-0.4501097628234262,-0.2023226197361274,-0.20646647626690814,-0.2634973683445616,-0.0353939038540972,0.45501988250046227,0.10336370725084057,-0.02711997542850477,-0.15949422733140253,-0.9813300135454908,0.05231872782037421,-0.10949129586470278,-1.1655179044726234,-0.09038631155454549,0.03311634982483673,-1.1502030443109716,-0.049775506783341764,-0.7009479476354065,-0.8465923229995955,-0.08938036963523524,-0.07214333637684467,-1.3345057654075323,-0.10842709214074192,0.09439479436027585,-0.9805252092775187,-0.17222060494888267,0.23931005476453726,-1.5250357740592069,-0.16376440890725996,0.1964532466467993,-0.9198868070256765,-0.20284048819047437,0.37257199583357575,-1.1656397798730007,-0.18945381331324235,0.2583359673735335,-0.5884408338399961,-0.3274852292412672,0.08906204923991147,-1.2764542884829526,-0.2100044449612706,0.6544120145052541,0.6634763507191513,새롭다
0.0988224910549045,0.06886996010567,0.3531875902835307,0.05025714319297459,0.8981139399493443,0.2733348110116229,0.05927070204737206,0.21946932171816722,0.6507838105328959,0.10557440815779105,0.6314998567067875,0.38505061934860774,0.4204920546861703,0.8785781977923729,0.8245445339083547,1.0,0.46317262438436524,0.27447113981639387,0.7903561125056562,0.3649890448780602,0.9347768920073128,0.5568693842955244,0.20343373899628367,0.7357666902701779,0.8317705333789542,0.3361649638456643,0.5590114704308159,0.2376441401845449,0.13012547869851984,0.7798357039296275,0.24983865938261815,1.0,-0.09926620257860522,-0.4342258627439679,-0.18313561436795325,-0.34828582431757127,-0.32106900718647047,-0.043002334971906996,0.4163256915252606,0.05381009185000475,-0.04370744790590431,-0.22084571757149893,-0.6443213145069016,0.002455978317857476,-0.2308881844969862,-0.9400537465617296,-0.020813465363222098,-0.2569686982788028,-0.9726764302498743,-0.09920813876970799,-0.1314669377769592,-0.7791774728566702,-0.033159523048973905,-0.09170483737067177,-1.2939395745242603,-0.16659008303258346,-0.033867527685037487,-0.983142856481269,-0.17967502419188436,-0.2442840650558681,-1.216811234001528,-0.17863232496940698,-0.05510212718412142,-0.7325587225064708,-0.21286113457351727,0.12563397204544485,-0.9470514019394418,-0.17604961509126468,0.2707067944995098,-0.8814327470905237,-0.3309737895696047,0.3605288281866744,-0.9720708364143062,-0.1840364444686781,0.6544120145052541,0.6634763507191513,새롭다
0.17891908461868802,0.3700386524232725,0.41800164056483596,0.5961650945787874,0.4044476214573638,0.8562721696080126,0.15865898394408837,0.5645851321498593,0.6773456180562769,0.21445637124329095,0.5803811873874511,0.8226151668952038,0.323078003882455,0.15350106273109673,0.7811882474949218,1.0,0.3717240237402997,0.12410592144418701,0.4366691268276006,0.1054251359320287,0.9316433906267187,0.7592294683248955,0.11554938144694253,0.7103677237961897,0.5343256750956292,0.29356465096083867,0.7179612878461777,0.3259343648324043,0.14885216925740508,0.8677215818687221,0.4816464037899422,1.0,0.07359323895985344,-0.369286414614671,-0.2198178538167928,-0.20992456376960603,-0.3918916676424755,-0.0325649071038893,0.40483624094261567,-0.0417877563694941,-0.014378059260811421,-0.19404192639982593,-0.7655615398562062,0.08903769681201414,-0.25887621547675366,-0.8827633765970297,-0.018820618584438793,-0.13856874442169873,-1.140616354557716,0.06819029666230776,-0.31720348344148575,-1.0282490013491792,0.019655646225524823,-0.20870525353272307,-1.3338130389170824,-0.02090698897730032,-0.3941245935957997,-0.9165749519204176,-0.06749934988597825,-0.2003887799999627,-0.9360673778161331,-0.054473902161258796,-0.14028129218416704,-0.7088062058789149,-0.11078165555223075,0.13975692016091887,-0.9375307461841162,-0.05691445631954531,-0.07545879016464344,-0.6683784281987861,-0.17941279991264808,0.06618748514143288,-0.9631273511747648,-0.12027647974223743,0.6544120145052541,0.6634763507191513,새롭다
0.1299920327138937,0.4947564469960791,0.8405280318441445,0.40907273515410864,0.7549871416199772,0.8876692766762075,0.03860098203926829,0.7875928185868116,0.457889525450339,0.28586206718570356,0.6634311961196662,0.7474633010350306,0.18720002767989927,0.799877690588097,0.8200980198727985,1.0,0.3568804496647127,0.28539326197632714,0.25572585034200607,0.3084462889716123,0.43586572261197415,0.6655776723567315,0.13325564854724722,0.5430773553355098,0.7463923262543106,0.2554314150305369,0.703672516886777,0.6073177247303642,0.47072003375857097,0.771031993804685,0.5694963592171013,1.0,0.01321094095537244,-0.3024044852169446,-0.22808027910651144,-0.24605448685067796,-0.4144449702027136,0.003515744205793347,0.41606501662224155,-0.10315988408680968,0.012624630877768115,-0.05387425855018463,-1.0204126635718356,-0.028201186112925155,-0.47305066321781464,-1.0610118719170687,0.05203773099580067,-0.04359647630388956,-1.2407226325788925,0.016652871647282772,-0.5782257786530935,-1.0280346560252636,0.013711701390092606,0.0165045760745022,-1.386280414652443,-0.10153642146675261,-0.10746946157669542,-0.9893438867122526,-0.09822926576895763,0.023110043273833807,-1.2382464347416497,-0.04002158488461645,-0.2571205285343442,-1.1342981100686063,-0.13817774087226806,-0.06024986054826993,-1.2431702540025993,-0.08150385393517397,-0.06334883234105267,-1.0517661992380594,-0.15141566140471324,0.06599742504924327,-1.2921711985630557,-0.14640210906846424,0.6544120145052541,0.6634763507191513,새롭다
0.5057015073255932,0.14276341090788836,0.5086079015526247,0.019527827483604408,0.5723112962874839,0.39982884633333826,0.24182304234569468,0.4437839545511573,0.5642711013991148,0.23615079643877668,0.3951002672590231,0.6599700546376457,0.1513856721077977,0.5880412420143142,0.6446522710232854,1.0,0.9656843799039136,0.6319846335320576,0.4735841334449257,0.0881303038619599,0.6956293989632706,0.7855335140675778,0.05636502025562046,0.6290340227528421,0.0990920632463579,0.8891095006112059,0.8048452430136207,0.7987659489581699,0.32244135328618345,0.7583808371870886,0.6838814419440198,1.0,0.06193167434457482,-0.3274710332127509,-0.24965521608696864,-0.21702099692400392,-0.3897281373471814,-0.015030667248396504,0.4069915753525775,-0.06886357931128077,0.015237114409255261,-0.26029917810611025,-0.6637236277905768,0.07979867754187957,0.17856101065293709,-1.1212471922102045,0.1273841443741028,0.4140010216898963,-0.893574461100176,0.020598049468143188,0.020154803663747126,-0.8815762360473698,-0.006762124077992107,0.26385823611895914,-0.9922180647137265,0.010160205448513296,0.18231401875958694,-0.9832376048505672,-0.0023261494898599074,0.4976973322530106,-1.0338918443929181,-0.001826020896164609,-0.024438119138630063,-0.6941168744541492,-0.08232465890340239,0.10804829284064842,-0.6348049183041057,-0.09506882639424198,0.5101721430875177,-0.7695709437281006,-0.16624867364441018,0.588910518856843,-0.7204188451287994,0.0010448615697382973,0.6544120145052541,0.6634763507191513,새롭다
0.36264342234669533,0.9116128994910967,0.9779638461338961,0.33408208272040724,0.7805609354665551,0.8217804998992494,0.7230501531349948,0.5614102874851405,0.6997750791473636,0.07458928414604069,0.24108076277066023,0.7048152368289383,0.14260791609560153,0.49617337090675917,0.8841947726661771,1.0,0.4125801777274333,0.3787832751836837,0.49609910546568403,0.07284623870789873,0.8577846484706527,0.4066189404380432,0.4182731593046196,0.5820908991284179,0.44240398185770086,0.1609722720174921,0.7974465723330053,0.9904818238778023,0.17993824595990238,0.8174791350694799,0.8736152784237246,1.0,0.07637745996158418,-0.42987235708411337,-0.24230848015959558,-0.1618481990944976,-0.3410513314622859,0.004730393480960825,0.4282575988386531,0.037087002881469336,0.022434504894982183,-0.5650467557194546,-0.4556948917950303,0.061098396799765774,-0.05473175042243554,-0.623573216554966,0.045901358094123205,-0.2915258278436872,-0.52761658610482,0.048852353696204866,-0.42140697696219775,-0.554873296950495,0.021004253192041557,-0.2134317059312134,-0.9074215608916433,-0.06284367596137691,-0.34536137732215305,-0.9384638417441353,-0.0033371833908492185,-0.12257145940419958,-0.647745707082574,0.04840085058937429,-0.01631359780210518,-0.6204836985290461,-0.06971054765206709,-0.007334047683882659,-0.6538645699504395,0.037406803706802445,0.0021620242542921228,-0.5406794224372079,-0.12345352034029998,-0.053949962238296706,-0.855208642304067,-0.040350137313063555,0.6544120145052541,0.6634763507191513,새롭다
0.2651517691077246,0.5674854432450529,0.3484161804125778,0.15684378872142973,0.513693791890073,0.878936237995861,0.10446004647597584,0.04738561237342993,0.6271648434579788,0.26639829325306263,0.36191855566475795,0.8268596652840524,0.41965891694964336,0.7963220757691833,0.7809420750667592,1.0,0.1475201094072268,0.9153956438036006,0.47063755701715404,0.2171443758492804,0.9020143830327652,0.594845542335246,0.17525681163056234,0.30469059432628615,0.878919567050243,0.22545664059943027,0.7827590223371222,0.9496196667245312,0.8002352807032269,0.7437288876631958,0.7001812438306361,1.0,-0.021705941446533563,-0.414091600509903,-0.21974170299191745,-0.14560011088835542,-0.36046247729956715,-0.02610083704716384,0.4831001943276765,0.01218198538180497,-0.010526360444449968,-0.12827711577660186,-0.8361970199412904,0.06849170772565998,0.2978115212400177,-1.1556274355325014,0.018898455691602256,0.67237542565274,-0.9711606022602886,-0.10684973413891494,0.11864215852516066,-1.2517053212189293,0.006743268078094383,0.2821536831112495,-1.2273133327226506,-0.04618914420092161,0.4325293853126123,-0.9009805263944356,-0.03394734008872479,0.6107818122171539,-1.3119265736573034,-0.06719603629431008,0.30980883993377645,-0.9220552285682299,-0.18230821878673317,0.8078738983641951,-0.7573932727206156,-0.06291418899944647,0.7123698952958127,-0.619293823887995,-0.18944396843392158,0.6946045810830017,-0.7661354063176409,-0.09183666300394215,0.6544120145052541,0.6634763507191513,새롭다
0.47219698351891365,0.3213194034304826,0.8564873459828338,0.11829811093061941,0.31828477183302556,0.5818763101540375,0.23629902701881597,0.7615987422269873,0.9499631366821553,0.04953362534395424,0.8264997012989812,0.16679619394874126,0.6085638400563601,0.8193796210789217,0.9367467123191403,1.0,0.2110680082338151,0.07901894626417418,0.5566005505341118,0.14086290572691407,0.8702536596948196,0.8189802835816847,0.12355008571526618,0.7972335407448833,0.6570495020627587,0.09250683141058265,0.619037648918003,0.4856950511516404,0.20555964706485758,0.8533850958095315,0.6223662842231749,1.0,-0.026310405254518554,-0.4501533756827274,-0.23066409817370587,-0.21294946731198247,-0.3399504893546016,-0.03372410922338591,0.45248953482589904,0.052969529186713826,-0.008189768675721631,0.3456536652860932,-0.9746201803831563,0.06670440277597049,-0.09545895888754605,-1.3987125220107022,0.10740179269359987,0.8005318875681985,-1.1045227191778386,-0.01708378666048848,0.040738916204540995,-0.8593224266316669,0.022480649110119037,0.7183240342820091,-1.5522779092662122,-0.040463265734938594,0.10573842742096543,-0.9933852047077943,-0.044779683274835794,0.7280959140418823,-1.6312222132568006,-0.14976050554491324,0.36405629847548376,-0.8290777575807805,-0.20869831930745694,0.8079447660845891,-0.9950127574721956,-0.03640436653710811,0.4206790330982657,-1.0034340819111043,-0.28041820465678313,0.8229986116925243,-0.8344715845309236,-0.18913049752728117,0.6544120145052541,0.6634763507191513,새롭다
0.13349343365823874,0.23326442601918873,0.18125985777551729,0.3460219580832812,0.5715457917461165,0.2202999075872599,0.2952309420510288,0.65872885599499,0.24339751816760383,0.24131214375988033,0.7043947391292149,0.19567802294393521,0.20634636070814794,0.6915958671790708,0.14789203380360472,1.0,0.17107327221585816,0.18722173288363286,0.2058089010096652,0.27848470524211,0.6840712997019575,0.15610267218456544,0.2618786094333133,0.7406888310614298,0.15855404428680522,0.18856352230494935,0.7765244092914682,0.17351798309354052,0.10918613472587003,0.8063199825043307,0.10005207076794835,1.0,0.08739378052489404,-0.12995937810560657,0.04526796318973939,-0.32633538462187245,-0.13277555731623977,0.2898976523547525,0.32862048232371227,0.015950518960097596,2.529262133066367e-08,-0.2630230741111816,-0.7905007536512523,-0.028167131150475828,-0.08385852371243104,-1.0340465120733588,-0.08036856096143259,0.11945076003299261,-1.11057674602614,-0.11277747454631855,-0.3932326605223805,-0.9515019475590967,-0.021120012601284308,0.020069086048463032,-1.0102293609029773,-0.1442180239399928,-0.21651031483946157,-0.9736769988176325,-0.07124875817588122,0.10595342485622199,-0.9885357688702956,-0.1156073565702072,-0.008995523853819668,-0.9567885039079467,-0.12707773339544,0.2491439786317761,-0.9061945119641668,-0.08229076737184644,0.20162808621662928,-0.8891351046146766,-0.18688905835205033,0.38315915951554647,-0.7616869270348263,-0.12082277794679179,0.6351597655241735,0.6420747061959142,새롭다
0.30555108421053234,0.29585689047431074,0.06145093008535555,0.3036912778672087,0.7856817498772378,0.6051261821155515,0.13941707891739125,0.9497494732403796,0.03143330170681575,0.4516895836655546,0.37191067684115825,0.8510054807517538,0.30142796728130533,0.859143411364935,0.8705497132072594,1.0,0.352398470376629,0.267461764002223,0.6257421203008946,0.3758304922065524,0.58832773358249,0.6312037099651857,0.14075426718643602,0.805598513706855,0.18111625910183904,0.44361343381458135,0.6705269436457051,0.8443403103790567,0.5285184287549554,0.5793429293327275,0.7036598618651705,1.0,0.03276736602368082,-0.17252102603342415,0.07848068679447427,-0.3188567194302447,-0.02620519317879042,0.29498447161184144,0.3617517919969893,0.10541160000449289,-0.016538502402235044,-0.4659312416650943,-0.6693037680732656,-0.2545861734879015,-0.18585600676450548,-1.0001580554825753,-0.20169987691420535,0.06103123671408803,-1.2758520521386452,-0.2275130809926587,-0.3341215572127918,-0.7082615374780842,-0.1467132184957228,-0.06673529348559448,-1.0374529466451863,-0.24783710407725046,0.02617616651520514,-0.9606176988825993,-0.27663775031630794,0.05746630631104862,-0.9981153777994973,-0.31118018295730254,0.07094690381900223,-0.8963861291418094,-0.2559223832048418,0.539225493311702,-1.032448827185225,-0.16142604625945134,0.08465823966302083,-0.8042378979952405,-0.3499910489824927,0.5980102198530293,-1.102379100837013,-0.19097783936896662,0.6351597655241735,0.6420747061959142,새롭다
0.8488158942023247,0.5621584540096053,0.7941617229795533,0.3740963235597769,0.6335223719882671,0.1498770782788632,0.2637642501308807,0.7138408761664833,0.21104638865315822,0.3469010759050004,0.43265943995900985,0.48447119402121047,0.1936407948959092,0.8760827162472902,0.575569746282455,1.0,0.3806398441115763,0.17495004744328416,0.3276603864848567,0.7965777793507721,0.8977617144966935,0.817473127257256,0.23396166829115325,0.16229108935891065,0.681431548949151,0.28723577650203636,0.9030611476470431,0.6847705591719019,0.19158372792046888,0.8879562288963192,0.8974721479732696,1.0,0.11770678732623285,-0.17550420437156386,0.0397015601454734,-0.37406269543880283,-0.16617920148497722,0.28946072278240675,0.28272521283722796,0.02337255983300544,0.0030361418591436625,0.07758812433066413,-1.244849038862339,-0.12344978457692704,0.47169512904003325,-1.0706606394861566,-0.10650939082743832,0.352626779024222,-1.0952283798967162,-0.20003574054209683,-0.5191600551745222,-1.6813689440097332,0.0749868409041859,0.5282675809757578,-1.3857575743320496,-0.28363766675772684,-0.08257552556944207,-0.9929671043047884,-0.08483874318667019,0.34910679407759326,-0.962774880514785,-0.13561891928460082,0.2952852507642642,-1.6515112644875003,-0.1651137290941656,0.7295939911932016,-1.3177643787135869,-0.19465202772534626,0.9368512131285673,-1.0411704426305306,-0.20524557095580034,1.237695828436355,-1.0780178849020619,-0.23415114251050825,0.6351597655241735,0.6420747061959142,새롭다
0.4461463312660342,0.8824606816439218,0.9075469438095133,0.27164923864427937,0.5838073242202414,0.6717519310667487,0.20292423599749956,0.7805505838675283,0.6291715405297121,0.4956785023208121,0.7232487909514467,0.7254492937320324,0.48210137194484787,0.9153635784018923,0.6502999797643112,1.0,0.40618558093771984,0.04597096539724045,0.8038105947249878,0.7096187457663745,0.793193172431806,0.6456915028146067,0.08160539126825395,0.6428297840399142,0.5249105549053735,0.333221588910011,0.7328422574304195,0.6819952794067793,0.7455159787149238,0.837937530425691,0.909023847883265,1.0,0.06987007338433351,-0.1180785666347804,0.08486752388665116,-0.3015492452555834,-0.14811370033531399,0.27217987104768954,0.35237344015363725,-0.0005481127202449373,-0.03511921587954648,0.2565977389792775,-1.0129978092006058,-0.11873158561889277,0.09269308623529234,-0.7925094077665785,-0.1799693133734767,0.42544393748834186,-1.1069420403909933,-0.18633562197601494,-0.23217849656334227,-0.9813710927042881,-0.21322494249123644,-0.07304228051979002,-1.012859040585086,-0.3365736246746748,0.0013274589356727883,-0.9889939299696221,-0.1479501413855908,0.4840407552268832,-0.7915361184300661,-0.21928339153161286,0.44656126932156187,-1.037395118452097,-0.2161757680342775,0.6661086704284227,-0.7312926503185093,-0.1165724251706597,0.47948215527126115,-1.0206501426280503,-0.3848473283578446,0.3973361945906404,-0.8639047782128016,-0.17943261279458442,0.6351597655241735,0.6420747061959142,새롭다
0.2526761736988968,0.5343763493054523,0.5358433619813991,0.4614163119851303,0.4814490926594874,0.42929189190258965,0.4254176184850248,0.958192119865957,0.16913815121315479,0.020048216363295738,0.5602268492465338,0.6387655356711296,0.43146149476233814,0.3059027953391964,0.5709799855765768,1.0,0.3202448011484431,0.17081412697028964,0.6020476867707298,0.280023397628969,0.6668860620737557,0.3069373141851348,0.04146316911803378,0.8683408232574974,0.16901360110469796,0.04091233349219799,0.8697653515080334,0.20494650182207894,0.10768897602369698,0.7716277349009532,0.14352101621068178,1.0,0.1626275815151831,-0.1024450946008541,0.03770332112158995,-0.349421801969406,-0.029510020036153543,0.282299564945744,0.27312421529136127,0.061214607304844,-0.00041542159086317075,-0.018480354014786732,-0.9980168268955413,0.04657989251864888,-0.047478367541694204,-1.0275382560237074,-0.13139353398259362,0.4269365061960801,-1.0417666661960623,-0.1515272852280584,-0.48424472763632087,-1.0000802122133121,-0.00581866581078017,-0.10464023336980328,-0.7527270329702143,-0.1872725706366029,-0.4433814370141058,-0.8921094308626016,-0.08691182127485077,0.009102270024183559,-0.9546446921906666,-0.10447226743646534,0.15442368184403632,-0.9868152737517312,-0.10833666907262794,0.37238357441508574,-0.9125726761219363,-0.09796330289388341,-0.0345369742257945,-0.9425904998405138,-0.26245069831996687,0.33958370841300106,-0.7775762511304066,-0.11081694353865973,0.6351597655241735,0.6420747061959142,새롭다
0.6704542142276858,0.5137903719587811,0.16679978082930014,0.32332325091477215,0.744045491595298,0.40976635095324915,0.416674971301291,0.9865556429451543,0.989850995785183,0.1445636206589913,0.7340973847107074,0.049893384405444274,0.1926101807793672,0.6348815359418674,0.5852532044394045,1.0,0.30792776066969374,0.19183615542309307,0.6152776304408518,0.08017278375506452,0.8984381287327141,0.12181448781541483,0.393381485701594,0.959484638124262,0.2747581782488699,0.26659651252970773,0.837276111583205,0.7006854106580773,0.5611533827167021,0.8500724086502952,0.8924556843341669,1.0,0.10734256762038935,-0.15954890995713208,0.051713158182615064,-0.3772480231689076,-0.21172265448064667,0.3052833605955306,0.2864395972131567,-0.014521149657252451,0.0062041919394339425,-0.17340454176779718,-0.6404293927168465,-0.07682062795967823,-0.3211061189931637,-1.0220669730543595,-0.15381901553418134,-0.2778718267404145,-1.3585316072296896,-0.15756192527158408,-1.029876754759777,-0.8563368323127509,-0.060743047416524254,-0.20859549532246302,-1.0146498878860484,-0.14196943765782374,-0.773673580733987,-0.6195967361203354,-0.13239741335569286,-0.37845395197481935,-1.5044966106759197,-0.1899187518171766,0.16388293370855597,-0.8663761790235489,-0.17618099348725272,-0.25018293751415466,-0.9708572916289996,-0.20208126173279398,-0.050663128024371826,-0.47459874848270706,-0.22524097359744522,-0.09173035429150016,-0.470849187008778,-0.17857082850690217,0.6351597655241735,0.6420747061959142,새롭다
0.1969522022173955,0.6766121418611387,0.7397593031911806,0.12558844766172722,0.7413371383092588,0.18247031472833933,0.36038455224113525,0.8513473098648272,0.6429002643149065,0.4116228467192959,0.8686311016600832,0.2397102059942058,0.2825847807945087,0.8366452021230434,0.9034741538885106,1.0,0.37312380862013217,0.6166638537350295,0.4196136784201692,0.4575660011189892,0.5642059158950176,0.3253056829909508,0.6845611871981683,0.44981559499126944,0.8039854178054162,0.4723112668042802,0.8041955425555357,0.6299381408000355,0.5883297755443703,0.5194953503478198,0.11048600808092782,1.0,0.13202979498752143,-0.11600409638308268,0.02563652772159487,-0.3839801480017601,-0.254969511700573,0.3014006733554601,0.268348738211671,-0.06808463424006946,0.01920547210838401,-0.657801488272981,-0.6510646716319856,0.03189966088320122,-0.13886865761533795,-0.9854387266625105,0.006858106719156159,-0.3743106369243756,-1.0414501795334297,-0.01821750482076657,-0.2935458982107824,-0.6440953164522056,-0.050984212801981246,-0.009026693746248102,-1.0349520771209573,-0.06292072515773448,-0.5206787112638263,-0.8537333619089179,0.005746860041564619,0.00977815169974639,-1.031115352541193,-0.06719670342883928,-0.21638927725883902,-0.8527400535845648,-0.01390503452401005,0.11987323694426148,-0.9463249209320606,-0.11823570513333388,0.29596399438301624,-0.6513350044736401,-0.11181054883266098,-0.09176237727916699,-1.1051597422706827,-0.07308498192101817,0.6351597655241735,0.6420747061959142,새롭다
0.5177534428293807,0.9724390446812011,0.238089378586418,0.5777160459669703,0.7638649886864408,0.7546845285363486,0.3245074909396667,0.5340037011693517,0.630330814843967,0.2944015981766658,0.675920507021688,0.47117882761144847,0.6390957250221644,0.4357759627900556,0.46428512614442285,1.0,0.33174604699265015,0.0971232207132995,0.6204113649940685,0.4827451588774796,0.9331895595243179,0.9075995803234134,0.10315546444471212,0.5905765200219179,0.4681483307087514,0.8425090565101081,0.3316202306379151,0.14610724151249765,0.7316954182314418,0.8985062523338762,0.8677836765856635,1.0,0.1299118501359279,-0.2726911216482125,0.03487206603130223,-0.345190045632493,-0.1269495386432713,0.29282985227208813,0.2940627014261327,0.10781192119088144,0.008107007983418773,-0.7311494646315753,-0.3632583159152926,0.06378312798916576,0.08313317045473165,-0.8294087011836032,-0.038472082782220855,0.2838802739879774,-1.4780926145358055,-0.09097186090270862,-0.3730805849588431,-1.086342754227901,0.013026922196753133,0.038382440386053276,-1.0513140620833579,-0.3363337714226589,0.2281262890856426,-0.9727132263973682,-0.04227736296927563,0.15841527424082083,-1.1168906630745925,-0.10739152665542237,-0.04810829130369004,-0.4510625667936526,-0.19543039356032105,0.5995731805775687,-0.7102171449651979,-0.20242121282097594,0.9116478220587125,-0.8055090846014125,-0.2580624514036724,0.7145160732022724,-0.2673528256174658,-0.18867239452039286,0.6351597655241735,0.6420747061959142,새롭다
0.7852665968567536,0.8684147236975024,0.15476623120566993,0.6189226807393873,0.19751105756349902,0.831391325387703,0.2402271246124338,0.408542205883994,0.7879946092491797,0.3801351447637887,0.19410876184785447,0.3788723813350159,0.8021683982820262,0.9282973628326484,0.912196861842549,1.0,0.23002861559298168,0.6253929546172744,0.6960869303534649,0.2807182478752659,0.4270372298566804,0.9098558491575082,0.5516877450425454,0.9655422811179253,0.8131471313058772,0.6522196849765248,0.8555465751991478,0.4385565005294328,0.08704597031484945,0.7279530163951623,0.3901858650315643,1.0,0.004576640734376245,-0.35834872904238285,0.12819516610081566,-0.2743600469893079,-0.13337708872257706,0.27634154092195434,0.40092106626157165,0.1596543772753633,-0.05848413613275206,0.33918368579432,-1.4492945202400034,-0.7283196610276246,0.9376419346284091,-0.523638732935882,-0.9297565350975423,1.7143566329093738,0.12871965262286247,-0.719199764052669,-0.34040459093166986,-1.2713368776079552,-0.6649021066149723,1.531918456440433,-0.4932887243960116,-1.1983875922737868,0.5212526839191639,-0.1371547933258437,-0.8423088520102427,1.8947425390732056,-0.8752011753184024,-1.067224008454365,1.0922507542078383,0.43698681864462546,-0.8180203027957644,1.7455120977671905,-0.8101697209158752,-0.8475250906745488,1.4448283323824174,-0.2324124675086551,-0.9734129798962665,1.5446190601913026,0.25359306425508626,-0.8438685225394572,0.6351597655241735,0.6420747061959142,새롭다
0.14386934311340965,0.2211563206035346,0.19437936200629868,0.36670447219179925,0.5236484314177333,0.20609238309301928,0.31701756853218843,0.5945026993133873,0.22255733046133283,0.26984818940695,0.6515558256650409,0.1803501116168494,0.25388389887121426,0.6293890705212898,0.11554171218696548,1.0,0.1818823685709356,0.17888178563080068,0.205909485939828,0.28550150726200646,0.6871388355196429,0.16298252508436886,0.257333777273327,0.7142669893654746,0.16758366075872166,0.17070317690323178,0.7609282880446683,0.16631176020636376,0.11306013624822046,0.7861517720089366,0.09726463839662434,1.0,0.11035120185841654,-0.2692939259635479,0.088808806292602,-0.34663896343198575,-0.2242293464847345,0.16306754929867698,0.3080583130132844,0.0023808434323563383,5.534093361347908e-08,-0.22387829756343508,-0.8127161985275911,-0.017215654395302735,-0.029693135140607643,-1.0543271457457113,-0.05705578409435644,0.18020518565863444,-1.1146903637512655,-0.07795771709053843,-0.36252126662038114,-0.9569684175207874,0.006212627459826546,0.046883275024319646,-0.9559382403937464,-0.05902121846106022,-0.1798626894008447,-0.9831180336865706,-0.033590844016580336,0.13896476499146282,-0.9415447948348277,-0.07074299914368833,0.03303583409614735,-0.9695859366441026,-0.07764432226124614,0.26062459739742694,-0.8473502588816348,-0.0506990710240778,0.25127719168051244,-0.9134735434644284,-0.1252842848331306,0.40224007910930326,-0.7136992937578894,-0.0637073675569075,0.6404055047344382,0.6461650477503632,새롭다
0.07228228502575039,0.12415543281127157,0.3791044977280946,0.38244587313333883,0.8335512836092793,0.07190952660297736,0.19949311571650974,0.9457179966865272,0.5476752511874454,0.7776231947231504,0.08133055168751673,0.5980712336693482,0.8714220738586885,0.6080083016373025,0.8552759619424115,1.0,0.42073372633282163,0.15277962128166084,0.5186216047846578,0.39094746961415305,0.9367115820269784,0.3226334946722544,0.5937800883388006,0.4526937712340132,0.2248218491758115,0.5762151444282859,0.47951720695966543,0.8200311267441336,0.19792064229134215,0.7678841134685892,0.50733916376002,1.0,-0.0024655350558092167,-0.31179387512655304,0.10710130830892381,-0.36721503390352056,-0.23072254508472662,0.15840335852155404,0.35628569358744494,0.026306495737282172,-0.014061415830176687,0.34723802299298373,-0.6767273205049026,-0.12286842616252051,0.7307573751180919,-1.091453475312779,-0.10416986270420836,0.7698723740295871,-1.1061491748655268,-0.1875245516812766,-0.08215946216072044,-0.9636221383077045,-0.032112886985102305,0.5166709046716023,-0.8845647884429728,-0.15258056476029064,0.4604804768255528,-0.8813029205305148,-0.10612677667251016,0.9580978505674776,-0.8133084568730478,-0.09528084568781897,0.8535905827080055,-1.1701661338178184,-0.1357048861585738,1.1652393506405854,-0.5440436301913959,-0.09563890211313385,1.2328742518344182,-1.320052116906381,-0.10352290900755451,0.8512079363066295,-0.7075665966015968,-0.18668461538603728,0.6404055047344382,0.6461650477503632,새롭다
0.2575635964483505,0.6584811409455319,0.380768651133341,0.300131795637706,0.740945164422024,0.7222119355237167,0.2965695700995955,0.6871625130577266,0.7342635917977308,0.5602698922365855,0.41145441656554455,0.05234349560019653,0.026824036167696644,0.7960540999346428,0.3962931148855351,1.0,0.11654908539997694,0.31353890516853017,0.499408213581199,0.21585444903686993,0.6486119165558897,0.8899032925093652,0.5827233367249984,0.07638495055521123,0.5555578126055295,0.4979730736112639,0.25031012863092983,0.20243301787902873,0.8943565438948932,0.8486456203838175,0.9561772562402788,1.0,0.08565986155367569,-0.21919120087621194,0.07125925988142977,-0.32107162124772687,-0.31097126499879135,0.17285789455861697,0.33714913912286826,-0.08617032619898499,0.01676937335389773,0.15295128763534618,-0.8322643197080698,0.025178533054621113,-0.14090804196146095,-0.9138419986681239,-0.022463550073958047,-0.18839127440434103,-1.3657869814144827,-0.03325901420562297,-0.3470318445437351,-0.9031231442871805,0.05703855226366871,-0.15065014458830536,-0.9674701781823836,-0.023273169879302658,0.019420832356360107,-0.999206363563272,0.03477749682264003,-0.036539314243623736,-1.056002364254748,-0.07012858630564353,-0.23926289319099317,-1.163722819223324,0.0108945813533174,0.4297115999581505,-0.5618291036358871,0.012412359158474924,0.23738274473918114,-0.8422898846650732,-0.061591635292673245,0.23773987542689923,-0.6968327320746407,-0.06694382810524241,0.6404055047344382,0.6461650477503632,새롭다
0.8757084293513279,0.8313969060045838,0.2794809589741724,0.23020324463610384,0.8940845195836089,0.34684075675540643,0.3801342783057819,0.8471513900673385,0.6067279663580553,0.14104365144148565,0.8855970189008424,0.5007462087642575,0.49611744858412465,0.7089293694495158,0.8305888757074223,1.0,0.023551404756557752,0.600431173344235,0.15038047349991626,0.36821778391613436,0.9045486356483109,0.8480391782169545,0.13016680432610792,0.4567174263664968,0.6227292396876212,0.2743607732908362,0.7971882126969252,0.28843018018516753,0.25230696818833726,0.6195110302580144,0.5941078578084877,1.0,0.08849416819505004,-0.289431827338063,0.09895689007818802,-0.37393312143758095,-0.2262867510894898,0.18080608985577745,0.30296401076325213,0.014276581977039203,0.004861809879632312,-0.04380082429907792,-0.7089011183807471,0.05177191875630317,0.05436538365117734,-0.8889817207157891,-0.1561276236933552,0.46711645132510243,-1.1729844339846427,-0.16479962508309348,-0.09740906316409592,-0.5804926358374428,0.08057632604563557,-0.27860535103856215,-0.8333932556839967,-0.03365137268206906,-0.12904952867554798,-0.9906287608233317,-0.04473116786144766,-0.028561106030060197,-1.1717706123812648,-0.08379792056932904,0.2085036806863237,-0.6716118311746193,-0.0690316536317237,0.2297380824122371,-0.609586334966658,-0.07160314523606597,0.04486010769593807,-1.0564052870731446,-0.14463359172673765,0.7128082748114513,-0.9658259001713052,-0.1330539551506244,0.6404055047344382,0.6461650477503632,새롭다
0.04471595683913131,0.3137384266636261,0.913461475764012,0.5243801116317091,0.520520596461862,0.5498622941217509,0.6257807788606626,0.7332503112008907,0.40645841160962765,0.18188187442654674,0.6856115460499422,0.6475512113321014,0.16634659466462318,0.5421555312997406,0.8122436411305427,1.0,0.24623045186661932,0.9048360355160866,0.5930899490910928,0.5254183678966504,0.768808210038865,0.49948888700162,0.11563232177736989,0.25750277611035455,0.8797165003075946,0.6424500061521912,0.3775266079827977,0.8150101318406398,0.15349702930134893,0.8323198075672636,0.3386897751922314,1.0,0.21118832344597224,-0.2583899207501455,0.0856202169307297,-0.36567670036205213,-0.26049489304780704,0.14700238856951647,0.23792061642957194,-0.027996705834553087,-0.008009913260730958,-0.2445895898824578,-0.6886335327858711,-0.02012234691024168,-0.051764193411771464,-0.9165651699755182,-0.054109516816477445,-0.1603022210794141,-0.680092691968104,-0.03168660374174239,-0.4122055819153008,-1.0332966118018918,0.00661163343081247,-0.4027142525444639,-0.8003175717075585,-0.0452457147386408,-0.7286118478358492,-0.6770141827245739,-0.10381026723309426,-0.112747355649287,-0.7345699202409005,-0.0613216120665364,0.03017570442179586,-0.7125315753999406,-0.00815017271939655,-0.11295888630823059,-0.4324233111427011,-0.11216499232305463,-0.0338335506379809,-0.7087591097215666,-0.09892298256867528,0.13616822516451893,-0.8375399996466237,-0.028121477843665633,0.6404055047344382,0.6461650477503632,새롭다
0.2183709569326411,0.5234892901621528,0.680316782953634,0.26735729583645773,0.19438264162592347,0.888398795766926,0.37068033871807027,0.6557272435115319,0.2733550532163527,0.4897865283857835,0.4764807173955713,0.8782371790367804,0.45930612234954044,0.2627829907778513,0.5632605802980518,1.0,0.24879117944720924,0.32262130298654235,0.09981969228944645,0.8492366140092631,0.778067388399008,0.7942477959375563,0.35072284507654833,0.5974226585104462,0.5684067965496663,0.6120733108618387,0.5347767624863637,0.8069314347706846,0.2071446191447179,0.6849189727958025,0.479704246453051,1.0,0.10950433086710039,-0.2760227309572374,0.09375921172436749,-0.45059349628694795,-0.2095984304184582,0.1739266277177733,0.23931655659237006,0.016057780879134106,0.0037393249711476493,-0.20263406964580488,-0.727520383631597,-0.07145558257036813,0.055261033138571065,-0.7111771628464318,-0.06512343069095375,0.02377782634911312,-0.7565228294192489,-0.03575182737786962,-0.23137895004580925,-0.6674863567022558,-0.015906291416263374,-0.29586839248704083,-0.6516956375091902,-0.10409140583880933,-0.3223912577419566,-0.946571489970735,-0.00814194731880012,0.02629883967086365,-0.8473294639939334,-0.08300892366993654,-0.3372354526709472,-0.747140162005143,-0.06878357336464419,0.05967794497735385,-0.8160398957730106,-0.01647679087167026,-0.0014110929112145351,-0.756234675983562,-0.1472777716677953,0.1934285772278373,-0.5362316962733078,-0.003922150170376016,0.6404055047344382,0.6461650477503632,새롭다
0.16034785950309052,0.3765978170267575,0.8061868905793831,0.10079043805259447,0.737117046176923,0.09714699645011574,0.5014872528140693,0.5586380987358077,0.48173633178531183,0.6677262074887237,0.6574999806353699,0.6671501460242082,0.33149157662657885,0.8586210454055317,0.36555490025685866,1.0,0.30810917322108394,0.6798721099319915,0.44474049206199395,0.22954887733335957,0.3979140141387536,0.8175959084915858,0.14650106113123207,0.8295930954480735,0.5355877995703636,0.3933355982446121,0.8904839710834955,0.5520720398530812,0.303388025259611,0.6004685280833556,0.5730320290899585,1.0,0.07736156892856189,-0.3046366649359672,0.07278963924917993,-0.35078374202143314,-0.2950099621259733,0.15157781421224537,0.32360736047095406,-0.02024119335568153,0.002626114831950431,-0.334502893612136,-0.5346985986438225,-0.0017019161313721692,0.16740179769155633,-1.185649662157549,0.04521852587411004,0.14362705580180637,-0.8103195833919836,-0.03826046762878818,-0.23595008981651627,-0.9642190193189815,0.05390586415770565,0.4466155470164622,-0.6778868311716236,-0.09497367557237311,-0.25045588037587796,-0.9658839410906871,0.06587916459902916,0.37122697296778234,-0.8909175757677948,-0.14208030804592484,0.009843668094738068,-1.1212707530719612,-0.011548778596289343,0.34528749016347277,-0.7573564996331433,-0.07150550394212538,0.20671729273115405,-0.7374912950801937,-0.06713741068926353,0.5449966599208763,-0.43554802812765775,-0.03407562271840442,0.6404055047344382,0.6461650477503632,새롭다
0.3557529402967526,0.6100200703750375,0.8696972142218176,0.19708230386197526,0.48546027052743174,0.23000451741843606,0.31492178304499957,0.2866865422685328,0.8770108387618218,0.12413581911277494,0.9259374972126804,0.5330073936272823,0.5517661780976361,0.7247456170947106,0.36194714350941054,1.0,0.5650205533828127,0.5003055556055023,0.5800024274450805,0.8607805230192836,0.726278696601975,0.7205815816865696,0.4333921637388254,0.7667771938343093,0.7306279017652517,0.4007566931992715,0.9167603637244721,0.2775204180197507,0.24697670346492823,0.8879856662822262,0.2941270982929725,1.0,0.20368323389801277,-0.2151468379037015,0.09443574359973116,-0.42050057863405027,-0.19614889676625447,0.14592384164137287,0.20513254896576025,-0.014644166697973937,-0.014049220246167237,-0.6227319219013309,-0.7151515061340035,-0.09277573550448816,-0.1702856717587313,-1.2926535862250288,-0.01185525427897283,-0.46047167574986697,-1.1238356134284786,-0.10906403662001353,-0.6044244764528021,-1.2811689685250565,-0.03527403301330884,-0.25640986829417417,-1.2323341629210065,-0.1151070441212304,-0.43384264917686943,-0.8930826518281415,-0.11909631715049127,-0.6769772456226779,-1.0887145714774196,-0.05346829757527445,0.00041985979165765026,-1.0605265810244116,-0.12067000488489583,-0.17259948684312906,-1.009671179070333,-0.09697286906220008,-0.4390966682387343,-1.1121087196995447,-0.1991614323101761,-0.2297837635358892,-0.9592724496369199,-0.13743510652216986,0.6404055047344382,0.6461650477503632,새롭다
0.07353200166434488,0.8341085885039891,0.865090850821129,0.569500390542302,0.4668526118036259,0.5302422243423337,0.07407370866527434,0.9415808002432644,0.22188782821231479,0.6347838719008884,0.9450624277354789,0.9569403875467161,0.6479492290405684,0.8308347818914182,0.8049605908796476,1.0,0.12829682357160876,0.4109711735115553,0.6278106143094345,0.5243439375474452,0.7520851237615556,0.892287516953818,0.6361806113328589,0.20493191439844577,0.7222704914219163,0.3403439994419836,0.7286445630289757,0.5344617773781065,0.17028084381193634,0.28599634880982994,0.7668498171071262,1.0,0.05763793110486294,-0.2563076255596899,0.096043903480249,-0.3886014877504816,-0.2890746911755494,0.16834180389995218,0.3105556947983933,-0.04800850694906398,-0.0011331820003088603,-0.02903472107610867,-1.257195996855222,0.04119387150629858,-0.1853802088578263,-0.8006718299468651,-0.09877299405622324,-0.16881109038093411,-1.3882676286528124,-0.11002268973077667,-0.7488599144138611,-1.0097614257922223,-0.043796103937010805,0.2799487360304267,-1.0413343694521848,-0.08147784159682128,-0.11758508421227128,-0.9928607727619829,-0.02003082327992092,0.11055819017589669,-0.9163360229593667,-0.1342957899369908,0.6004434172249149,-1.1516154973328743,-0.11851380777115529,0.287357145575094,-1.214314096877986,-0.03475663986913872,-0.08431378655959353,-1.0445353625244325,0.019840323293899308,0.4062886507952584,-0.3607916779042007,-0.0618301169112425,0.6404055047344382,0.6461650477503632,새롭다
0.14414534970124077,0.2349476962928036,0.2226989181947675,0.36929318125576527,0.5205773160757797,0.22234762357661694,0.2876691091483982,0.6100103725544141,0.21564502711438754,0.19946256816196695,0.6763872914203126,0.1902354213311834,0.1250479831378798,0.7077500098116306,0.11611429487784254,1.0,0.15904980490823784,0.17859789947271407,0.22566674830304176,0.2779795441366412,0.7051406929941414,0.11394206530310884,0.23066086673814204,0.7872649420924571,0.09763743012264119,0.1292393242454682,0.8471042225649452,0.10453323839212786,0.11497622232896756,0.8169915549228516,0.05665258381417621,1.0,0.1195828707713055,-0.412838559182019,-0.009807522433054945,-0.32568225437869885,-0.3353576693940002,0.07043118861921492,0.3168405241031449,0.00740919859926505,1.6522195522838805e-07,-0.30997874431996614,-0.7256005329359945,-0.026722898046845953,-0.1558434138482862,-0.9571596201352702,-0.07733944437031036,0.04530920249312927,-1.0133929060505262,-0.11324465995524086,-0.4269096687553895,-0.9082127256564217,-0.018875856861476237,-0.06120673377499602,-0.9388426480531581,-0.10847596814309332,-0.23849571643628478,-0.9691913297199296,-0.06154640230962259,0.04309395016806389,-0.9690862084294731,-0.1020145690069684,-0.016756939109342426,-0.9857999432388111,-0.10673844839727621,0.17860464991174063,-0.9487768851879234,-0.0833111403090329,0.21365214318726888,-0.9571920921569296,-0.15452140665060854,0.34208641888882685,-0.879192645011441,-0.07303537937443205,0.6825976442258412,0.683215218980571,새롭다
0.245296239245072,0.3576947916559005,0.2850461016861584,0.584176526276849,0.7380500912703796,0.8007691703847408,0.12953331445292884,0.8486303685810525,0.6940967610627841,0.3418720200940336,0.8877817068452356,0.6284952115007789,0.7269187174914565,0.9327866518138838,0.5245687082151012,1.0,0.03311806714420148,0.5807893987633928,0.13089953778382282,0.34149789319800244,0.74277058744289,0.36367971305124375,0.32593462029726433,0.6852172420260214,0.321030990023266,0.6374298905325606,0.16039038125663252,0.8514280208611388,0.08206502334003155,0.13567514517577778,0.6800684539395524,1.0,0.12680914915940306,-0.4718353801194465,-0.04546779222689203,-0.3113798498606146,-0.32362229308453044,0.07923014919958671,0.3215334709534665,0.06005519189662555,0.027118254790274188,-0.9878764385333698,-0.832831940719822,0.003950062325611254,-0.8653118257196081,-1.1733011986756594,-0.04088996191061055,-0.29862042348473844,-1.3878751560114941,0.03376425386056947,-1.5639796680038296,-1.1813333401977892,0.11127657305117461,-0.3616048291364621,-1.4392646277944796,0.08663277690855302,-0.35669098423835405,-0.9324941498071002,-0.05679966847269219,-0.5985638365682416,-1.5934459275584993,-0.07429352182233892,-0.15938375470426205,-2.0976380341224643,0.0025950506387091856,-0.2402263798566581,-1.8326761782578544,-0.062057019829111125,-0.15340804456058194,-1.5872081615037663,-0.08380022926639948,0.27663443974288354,-1.7433476469697946,0.27250167213522836,0.6825976442258412,0.683215218980571,새롭다
0.43552747236977174,0.2274583478912752,0.7588515425875532,0.4101754058481897,0.1310718262960077,0.8765462602387233,0.3028992646900264,0.3085343176697797,0.6160168087936353,0.31975169917488255,0.4554388702850323,0.4850696970526711,0.3974273399736118,0.7299881263800342,0.5324586671279935,1.0,0.6389905908075014,0.28457056225961375,0.5559237840099391,0.708159931063521,0.623819853160906,0.74133201480461,0.041596228620664935,0.3031401727144096,0.7318586893806696,0.7662118851491528,0.7260703612613398,0.6588928595004042,0.5614220333818642,0.7099988689340253,0.6086236782220507,1.0,0.14768248474320989,-0.4718087334841349,0.01341747609707369,-0.38026991785585973,-0.4607138977241938,0.07279899096065327,0.2661483625482268,-0.038853891617691864,-0.012694406899461422,-0.5475378461972773,-0.7378379091203466,-0.15241093601448613,-0.4131669693524502,-1.4690573662256192,-0.11817436944351367,-0.16953532139829297,-1.0807577175920646,-0.22892746421751448,-0.8423636393011805,-0.80319709750946,-0.12029143841469275,-0.3934079312024042,-1.408677931669957,-0.21562512175206955,-0.24255247155632964,-0.9274166405736181,-0.2847220984206539,-0.27305082269221304,-1.4859168370002969,-0.18882527998067478,0.13757355117257633,-1.6740560024911393,-0.22652828888097348,0.4598435069565556,-1.309726118293411,-0.312544918224126,-0.09593940071301321,-1.3207701682850699,-0.3730785774400768,0.24087239867397262,-1.177571653542957,-0.23297036686388786,0.6825976442258412,0.683215218980571,새롭다
0.7816756072605906,0.2932459227934754,0.43875583561051235,0.4282016105753276,0.6050164581231156,0.3283810272669272,0.14470394016039137,0.9542837464427765,0.2288617910279378,0.187947971769773,0.6126398480581713,0.5598309657937302,0.24281168482897458,0.7185613339885093,0.5558335448931181,1.0,0.0676332473753131,0.2228238051969359,0.2788964390975334,0.9248734660385277,0.5820546938187788,0.8654911522799388,0.295824642535738,0.8619078415444953,0.2697550404256718,0.2816328642191242,0.9526134532797755,0.6469727053239674,0.19466722918490903,0.3248020290446601,0.8110261488093808,1.0,0.08736188845974847,-0.3319435377861756,-0.022680319144468233,-0.34812799029411495,-0.2851305265344641,0.08606278462489383,0.3208076124262883,-0.015988478553955965,0.017418565418591252,-0.09412099086218792,-0.8555114181592662,-0.0228796632580732,0.17359139149341316,-0.9444836520202778,-0.04940944764866925,0.13081510534422094,-1.26448159287113,-0.06839415252832398,-0.2603281025370823,-1.3347909016554809,-0.0070816946222416475,0.22362215790802875,-0.9266340823401982,-0.026599350996295276,0.28747648780730645,-0.9572901361272649,-0.030868499014660412,0.33017194991366966,-0.9010819503238299,-0.07613529611837823,0.3187286784772712,-1.2424026915952207,-0.19583039526108947,0.43689126042343357,-1.0638219676522274,0.03463649801656648,0.8292876461469799,-1.2432390372949373,-0.13048259453134506,0.6825502947996327,-1.0029554890205947,-0.01857047418588836,0.6825976442258412,0.683215218980571,새롭다
0.14855603110479793,0.15266637248286868,0.6348331173715588,0.2515245247843375,0.6968958610182779,0.6537964004461561,0.24754755349475063,0.3871435803638153,0.9297542229132544,0.6490438072454324,0.36511333154352277,0.6338076685584472,0.8749306115502499,0.6699002008474445,0.9176179833323554,1.0,0.33235265457243124,0.21448355334969024,0.5983797297708289,0.45451429000383403,0.6862098224987659,0.4231000623057606,0.6090436672031754,0.5310924744603872,0.20426978439422375,0.15904911428240825,0.736399517731418,0.6548757300851432,0.16989005587534475,0.8895873497408007,0.2905413007432833,1.0,0.17770520858333688,-0.4799383948499782,-0.005264305340884477,-0.38211719007877004,-0.32814640450167265,0.0754330533175129,0.24737538932507763,0.06333965622502236,0.0002956149879686071,-0.7085196451971606,-0.4811561129497986,-0.022818413094292434,-0.8164599865403477,-0.9069284222071357,-0.17336795045600872,-0.1827383209964411,-0.812182477281805,-0.07358156020813168,-0.6365692164218535,-0.5906447568856528,-0.03812704867185916,-0.43623740884502593,-0.7435796050868029,-0.15369497201846127,-0.5674735683038706,-0.8115708600716907,-0.13901974089663907,-0.5949232259229084,-1.0960834781609912,-0.16834921195593186,-0.8611177234163131,-0.9215468299195574,-0.18220897023962931,-0.030340191049942362,-1.0304252404305791,-0.15744951402783,-0.4334154454851648,-0.8732889884445053,-0.27633339462644796,-0.14230599551043524,-0.8139307846456675,-0.14336842010727086,0.6825976442258412,0.683215218980571,새롭다
0.261584128657896,0.8027946097215021,0.8020904350771896,0.794584921965094,0.11717048537630424,0.6792612765315402,0.41242949589536965,0.30624031114128303,0.8374764200250409,0.5738097903646648,0.47004771717247074,0.21527558857403845,0.3918455783737497,0.7279877732777942,0.32107763873283063,1.0,0.4239969278903861,0.5099434302159601,0.7851759551362908,0.45332170878588174,0.5388578041459022,0.43724703883970634,0.06990567488233403,0.7843456675817867,0.49546203396481486,0.2468767508713915,0.6627479121114201,0.07092706816612139,0.30317049602966334,0.7272085454701767,0.6834081008599094,1.0,0.1285438393286233,-0.38151527897536214,-0.016334790200164397,-0.35901746375122756,-0.2579488856517331,0.08846356938951005,0.2909360109802963,0.03647074998961731,0.015026587452361604,-1.1947770693390563,-1.7983889463789684,0.10727935231782666,0.3907026374186238,-1.7090590396047283,-0.06467816003261721,-0.2387180063645056,-1.3346888748108576,-0.12519477375463395,-0.5837677517341,-1.5960591059239444,-0.06761608297557213,-0.15309039075527947,-2.0164574673161697,-0.13861750938525394,-0.5815395550452425,-0.8084538524559194,-0.09063175142831564,0.44326523064232876,-1.7079600355835076,0.026833908529674943,-0.4059166173751552,-1.6872229461456618,0.04323141218412832,0.946976627770541,-1.1620133176986036,-0.12012382943153604,0.12386330009338269,-1.5307148193148636,-0.1733256817265285,0.7223647538005107,-1.1361876503281676,-0.12299228528454946,0.6825976442258412,0.683215218980571,새롭다
0.5429003579646285,0.800548379859142,0.7494108246679162,0.6813474483627946,0.8508517546559263,0.861717975407081,0.43715668881754977,0.909280240580742,0.8177719292143718,0.8586738256104173,0.4960155360471409,0.3826573647113137,0.12705696789864096,0.9743581500570229,0.6251589929462169,1.0,0.6936627431896909,0.15739596192998073,0.7809011100884541,0.17350947340221368,0.6662102435869156,0.6765389605070876,0.2779908915803216,0.6228113874386966,0.49220615229448406,0.7515517903428163,0.8346447122988803,0.8514879637103892,0.8129782555212486,0.43010474151064076,0.6764894741550336,1.0,0.18760745651134844,-0.4274861895758485,0.013050988950715449,-0.357325673789986,-0.41577401502757294,0.09738126666715538,0.25790871245776115,-0.038812829524274436,0.0026086796029194427,-0.5365135345969134,-0.47106287556375404,-0.12142730409471918,-0.2270901815423902,-1.0774621962210496,-0.16557399313091212,-0.3827807879157061,-1.003634056902169,-0.058549069047603715,-0.7590289987550708,-1.3927322517298144,-0.12310247180109267,-0.25741962521311196,-1.2284393602507115,-0.23721497956780024,-0.15825075050557197,-0.9759607164550176,-0.1498578656628741,0.01799153365636745,-1.1138971280392476,-0.20793280603508119,0.3072028244546436,-1.3512828841038758,-0.2560319074343095,0.49978381921504317,-0.7878781106362583,-0.26897621951365625,0.17594659138729873,-0.7219814623766795,-0.27910057712861336,0.5281548587225625,-0.708326213362704,-0.38821221221384394,0.6825976442258412,0.683215218980571,새롭다
0.9327349852399678,0.8436003424519293,0.39406737721624213,0.5436494449380381,0.9417087619773912,0.6927415021104631,0.21330740436788959,0.915704685218939,0.07554340362235788,0.5523548793033355,0.2895792120320628,0.2951338197207657,0.13668446492375558,0.5080304907631658,0.9134112364441763,1.0,0.28183199871310893,0.4952815296682136,0.8135423917984058,0.20558217279312482,0.7880351713536052,0.24881608531648558,0.20835908517622595,0.8678653935022638,0.6946228608955648,0.259906033033521,0.9126163468555694,0.713901854175763,0.829096835064018,0.832871569327868,0.6903225769184108,1.0,0.1153688889829428,-0.45196264983893497,0.017328227999990786,-0.36885910393473037,-0.21038384737138016,0.08856647936551912,0.2920670684837752,0.11854913171135904,-0.005411739175067156,-0.012332735214406487,-0.09612076667618247,-0.09343192297787557,-0.5154479528980502,-0.515655438901879,-0.12691931742265206,-0.2952806832909878,-1.091562249727853,-0.2702359058966639,-0.9203175066611431,-0.8223732906937519,-0.04919943146780186,0.20897959549866044,-0.6229608841258806,-0.21034176900553356,-0.0673459546434233,-0.9820125646860669,-0.17639684008467668,-0.20314281035651796,-0.7021800121843439,-0.10625896732968541,-0.43975903797689536,-0.8573558582266074,-0.2779015279477963,0.17796734716562868,-0.6493767185198681,-0.19629910692575095,0.16814016102512014,-0.7035026321717341,-0.2663826369360668,0.2964183343846898,-0.806739545572515,-0.22065037638574395,0.6825976442258412,0.683215218980571,새롭다
0.09855351497924174,0.1651318840752791,0.782531876589322,0.7629555474018384,0.23731910384832872,0.2627058795585546,0.022206104557257123,0.5429670145027747,0.5987394317756494,0.6291596850701934,0.2199778324519391,0.5736546199467402,0.5983575253562882,0.3208267925898249,0.7794127731272905,1.0,0.07867723321127758,0.14070625411130064,0.8576739063871148,0.7872788096664777,0.11002741565719205,0.8161051421174061,0.5565182894542927,0.5689046547192612,0.8174594098806611,0.4765290208557097,0.8917846960961027,0.5909106848631714,0.7691374815725655,0.8711625113451402,0.8438256614890156,1.0,0.11118855419639272,-0.4250726493404144,-0.011253423978591486,-0.4056166149143249,-0.2895921755768088,0.0775672453695155,0.27018502695502594,0.047306466364901184,0.005250564165046551,-0.14041901736917728,-0.7926211181630362,0.07415260477940533,0.13970247136082645,-1.6190091884670295,-0.08273201636667585,0.2141354907483703,-1.246185656573892,-0.18649544470665672,-0.8432493163602716,-1.977218205514378,0.03323290427196872,0.41751144918776006,-0.935098520384755,-0.23482912815343726,0.07051992914829341,-0.9941034175373391,-0.08237314388502327,0.39509866328332116,-1.2677831351658968,-0.21481512091472665,0.2619428243379838,-1.5784819192806783,-0.19417871813001558,1.0010523047259423,-1.4647260122569488,-0.07642134762376183,0.4214276182166091,-1.3397753766593707,-0.18690076517978663,0.48630404874257915,-0.912288128411641,-0.027092987169219786,0.6825976442258412,0.683215218980571,새롭다
0.17325355291283712,0.08098031829900368,0.043490539251873114,0.09209410756947589,0.10027499708885187,0.11415014279590441,0.029366997564009373,0.10885161238714092,0.09407943372594882,0.05930195709334585,0.07570390394280231,0.0613631362952899,0.10324426790349972,0.04826859387543759,0.021786557067346488,1.0,0.1117262299547748,0.1749261858259416,0.12462043071384214,0.13470155648418183,0.2968819699721302,0.43557042068658974,0.06268895245548504,0.354402621068951,0.44670317048476593,0.009326325940971015,0.32568043388990187,0.5347313192269681,0.06237784012269467,0.31868072999052394,0.49833762540631227,1.0,0.016301238866909845,-0.5052036358032077,-0.3141602805796476,-0.30213206665507697,-0.4583717818921755,-0.12360975966331343,0.36998357648331776,0.013223830848931936,-1.267082510025823e-07,-0.30955546263472034,-0.6445868632774362,0.18438628142874872,-0.28332635368867026,-0.9092246457778972,0.214106841166074,-0.2370471722433124,-1.1037358685493035,0.2421402152361201,-0.31795124944309916,-0.9214364986724188,0.14908099712018305,-0.23118430205847867,-1.7060513577869194,0.1954546180625126,-0.14552448836411924,-0.9868655340196955,0.07013587562996969,-0.09477373381839979,-1.843747834357501,0.10300914459788305,0.046793986196423665,-0.9919236424366519,-0.007659688109847187,0.037200023056920016,-1.882624973213847,0.014061511505703929,0.2549480866446552,-0.9436961484768103,-0.07585759872433752,0.27154847071559907,-1.8057298069667598,-0.005262967957771216,0.6630341324349558,0.6686625903112153,새롭다
0.2616690226976374,0.16999392228948546,0.17318227746644352,0.39259362748439963,0.17849344231837982,0.9427850692856541,0.13652757652054995,0.5454043417902913,0.2663161526002124,0.15748804468214925,0.33034287825317865,0.7396959675958219,0.038398032563396974,0.2071127158372289,0.24458470439141364,1.0,0.08895071861673873,0.6901350116744058,0.6103525466127424,0.16043308293397954,0.536743637636649,0.7298885110108827,0.1870287470898843,0.5346949149186474,0.05337421338742056,0.030235786644295434,0.6864643980981922,0.1238625391536394,0.16270592975260456,0.6823045656182978,0.5731704759870145,1.0,0.1039775662184865,-0.4941344523013163,-0.323275340200015,-0.2942154026279808,-0.46963749869628735,-0.11580179350319059,0.3296830206111832,-0.003622900434622466,0.010456007434128924,-0.35996864248981947,-0.6050427093037783,0.13443788570646223,-0.3012986284114951,-0.7479365126831057,0.19570450049437285,-0.2948823924068228,-0.9609079908117943,0.1876612788963139,-0.37291348105850364,-0.7913855554594453,0.11511899087901287,-0.19470819900177821,-1.068567983215254,0.15573400367283458,-0.1588775771565581,-0.9842841563115362,0.07708835911439119,0.07239667610321854,-1.638418016762557,0.11613688166213901,0.05818885349095746,-0.5980684222817565,0.0669188078892101,0.050143751688335444,-1.4230044526933643,0.01273048403233122,-0.004186844507201499,-0.5828835600799138,-0.04825107014245705,0.3016637090878814,-1.4133089524853961,0.00099111198123177,0.6630341324349558,0.6686625903112153,새롭다
0.37063640778710494,0.20678627405463415,0.2875689162991232,0.14412859672738257,0.5304841209036942,0.4087727703685729,0.07981550725611693,0.9511124658975929,0.537467880365029,0.28399980018403986,0.028749659812042954,0.5782920649581181,0.49309382395472257,0.45111227312209135,0.49302055218076285,1.0,0.2574056790824709,0.2695647574987141,0.4488317716817197,0.9166762577450313,0.6075756454646539,0.7332555212146382,0.21313916300085883,0.12288898694370574,0.44771150830531625,0.10945531850176103,0.5911581259233339,0.6778772973299565,0.3753946681753945,0.21677637450974627,0.857563331286611,1.0,0.07668805820343663,-0.4998110300208544,-0.3256857472725282,-0.24121948779789784,-0.43122684303953973,-0.1537203763552561,0.37260783933597996,0.02862947633109513,-0.010338406843440761,-0.2581397055303369,-0.8895900109686947,0.20059426282153744,-0.40826795106204306,-1.3787273881270985,0.20974189537986582,-0.3470673846668027,-1.5509095834924913,0.3675704790404173,-0.4788038190441748,-1.199695806695487,0.2803293741077676,0.022673862019337514,-2.0095123738490606,0.24458500244067885,0.00032908086369780836,-0.9928960420082373,0.11898462703291426,0.8096469244943485,-2.0999892195887804,0.15512411084459282,-0.27163995122986995,-1.3434057769842918,0.0909781890401813,0.5354643297513009,-1.9411317875475218,0.011262206718941526,0.9986151762666308,-0.903036177480809,-0.05698341415998367,0.45646084106959794,-2.0765570389619272,0.00724269901692678,0.6630341324349558,0.6686625903112153,새롭다
0.5254455656366811,0.5063100768420709,0.5230752999100087,0.04954159069716937,0.3168288418654391,0.6050949898819726,0.1615295274189742,0.1403076105850329,0.3419314576540146,0.09058370752310413,0.35047826718643155,0.4749005582862295,0.2740527473611418,0.5553175743368037,0.5116832654486893,1.0,0.29621804448585454,0.14488673652106682,0.3782871734820104,0.0942132023896871,0.3042236452155343,0.4317854110000826,0.3284189164630114,0.30643835153918997,0.8832649589336927,0.4437601942691949,0.6406149114311009,0.9921888717498032,0.2459805007607172,0.0781004477925489,0.41728520592753954,1.0,-0.16559220408708586,-0.5127686095315525,-0.29153469604564425,-0.3694652873752185,-0.5116737899105983,-0.132694898101179,0.42240587727125933,-0.021229069592151054,-0.01976130430273934,0.24099250059507868,-0.48034153343079805,0.1303462052951273,0.17305558051625325,-0.8910640628881309,0.14716256850248527,0.45944462499970373,-0.9160367805032363,0.17578830380224694,0.0484995985433282,-0.7291021766500763,0.09982581649252285,0.48959557705285894,-1.2271263862706603,0.1888778032332001,0.35679846527551196,-0.9341402761274237,-0.008763543439721543,0.6601974764400674,-1.4349122542061548,0.05180384548829968,0.6915134539903522,-0.7889510196332369,-0.06663208318659686,0.8288243564829293,-1.5729604102010117,-0.023638024525098916,0.6300298998191907,-0.6574971625259267,-0.061581265199562654,1.034086426214788,-1.6314281349329063,-0.04293501719107936,0.6630341324349558,0.6686625903112153,새롭다
0.41154889443076487,0.16481265569218664,0.5907249249696535,0.23248573269055262,0.2525980785118635,0.6008115613693683,0.1898268240103149,0.6271488277071501,0.9610123553231507,0.5737986307947419,0.38412369598351337,0.5084090846069098,0.13649679479951515,0.22861447565652634,0.4631947891702839,1.0,0.1241940559796128,0.04500589888351855,0.20875536272772255,0.02366507029917962,0.8370150766158934,0.5531107763241915,0.07426278028450098,0.6426541245333356,0.981849923652955,0.4918974415527495,0.41049300741777034,0.6541455206711543,0.26274553922472893,0.4687199169780065,0.6874153031792299,1.0,-0.052508622127626525,-0.4826344671410786,-0.3086133018603037,-0.32764194960569964,-0.39633640723192803,-0.11643767442031955,0.39005631331861235,0.03988249864848854,0.0006563820677826233,0.06924344494756247,-0.6287329649370851,0.15590883334163924,0.3114813088742354,-0.951366312390436,0.11084260338619631,-0.20605583371859215,-1.1495785768373643,0.15647010340633913,0.2509220887630329,-0.8947786436404265,0.09980125124392217,-0.11882978743784474,-1.6250508977754954,0.13536954900578746,0.27564003183450786,-0.9609325142089393,-0.025125206195329555,0.3770259117797069,-1.8329946506590145,0.1576735684485768,0.5143863151915369,-0.7397957667723095,-0.051561817839150856,0.2912973704453553,-1.9690563115077306,-0.012134244413282192,0.24103008813509005,-0.6356197840321337,-0.017638123560962646,0.7277933905372224,-1.4659573462583584,-0.05665605422992608,0.6630341324349558,0.6686625903112153,새롭다
0.3423073330566501,0.47106527051312097,0.9459540419731514,0.15198199977480287,0.4138266562994665,0.5388556068665578,0.24675645942042623,0.31283968867176076,0.41102173120117635,0.9727984642969887,0.8268597310646544,0.35295221525490567,0.31493542748459846,0.12300396460334755,0.7338168675592128,1.0,0.24904221813602961,0.4779244824620392,0.15442434335939378,0.6564671660025732,0.44916669690974204,0.6075666466700435,0.06889793993351415,0.78892992416701,0.5988410638100158,0.05362246660617586,0.9613343671797961,0.8902728413723676,0.2894447828010088,0.1828134258431001,0.9212622274580159,1.0,-0.064537024296502,-0.4371941092008173,-0.33379005460404193,-0.292468576055932,-0.4845956649238179,-0.11691696933274968,0.4147855508153954,-0.05688028313640241,0.01662241406740746,0.29313392743761657,-0.3962466874136591,0.13896779702585926,-0.06248012983169455,-0.8871329784931028,0.2514830793191617,0.051572218437864054,-0.7413418520622588,0.24819688081451707,-0.04564763793288192,-0.844254024194269,0.16503844850116872,-0.01523593901362718,-1.504799242124464,0.263265418787568,0.0602392967820654,-0.9943746794493055,0.08712189158468234,-0.16239044484108564,-1.5950766608050009,0.18507778120015572,0.19276867049142568,-1.2869637318908167,0.0645434767423133,0.01363735194614328,-1.608697623728876,0.060884197420794164,0.10691663130328351,-1.2096546922368872,-0.014425509393976141,0.3200251405072053,-1.705483998128034,0.004285309430195842,0.6630341324349558,0.6686625903112153,새롭다
0.2950066393506781,0.5159449152544117,0.41423742040538564,0.2015329699250107,0.7685947075399884,0.5035658017621204,0.1136529860837696,0.4626083273275077,0.8796976602811476,0.2347923504009625,0.3770169723459541,0.3657043112285392,0.2664970117330078,0.05135611266724127,0.9190320289644422,1.0,0.1544323781525929,0.2822725768719883,0.4007904106241009,0.3592110208650446,0.06715778773694882,0.8362050036699481,0.11867783035867567,0.8293363520044328,0.4021135993607927,0.046537036921111975,0.40213196772285736,0.9333622099020659,0.47400572996791185,0.5194785722624473,0.2762096525380019,1.0,-0.09558373594428628,-0.4210852895201269,-0.29174641530396395,-0.35685738938387074,-0.43850832286618996,-0.11732636078104264,0.3950615047852452,-0.0344467663492722,-0.010593559938571705,0.1548108669154623,-0.5712058905215857,0.05543831599808994,-0.10420615370081979,-0.7965054146146665,0.13083360828101204,0.04521348498863943,-1.1327133193377918,0.09785610513566763,0.055009339301889636,-0.7557233960854253,0.06206601008048347,0.10444437736920918,-1.4493766146305525,0.08013204631444147,0.21441392650116994,-0.9767009709582912,-0.009048837023738958,0.2188957844097486,-1.2590884283120114,0.03614419068782303,0.3737709462878124,-0.7787419820549069,-0.08404176918709906,0.4299102897189303,-1.3143505713247208,-0.02039193116103233,0.49305468295705257,-0.715886159937346,-0.09070081745926122,0.41618786263800167,-1.1331148560981525,-0.020056820043445552,0.6630341324349558,0.6686625903112153,새롭다
0.777060774448173,0.34925721715557867,0.5340891792758002,0.19055902591065677,0.4912499488339358,0.6270092487404246,0.4199438873064357,0.4095157790935566,0.7074822958544372,0.16317586023302194,0.054932163207496346,0.5239347907164257,0.14952190837420962,0.0828681466674723,0.47761023538584757,1.0,0.07192296583412541,0.19831789563726596,0.36231464169121297,0.3918267948098063,0.4225139218399873,0.8844028855717629,0.26358450890705737,0.6693567858093736,0.7186469186585387,0.08324551145926457,0.1781424965581002,0.7807830817449345,0.04018093880421888,0.7084736039023322,0.8435632516594829,1.0,0.14077230890215345,-0.5227014128856389,-0.3377077583220516,-0.35936030603032443,-0.5070910338196838,-0.15493741428384028,0.2716235328095231,-0.009796227773868436,-0.0032422238842641786,-0.3448223871767093,-0.2331252940998526,0.15320243013642387,-0.20879612783056178,-0.8546680403071462,0.2168774863047979,-0.44588294855835936,-0.8771328757752732,0.24647741114087707,-0.40559967764899385,-0.6980212808399112,0.12314533677515171,-0.2890348723984213,-1.517135793352653,0.23352956887035736,-0.4039876623684759,-0.9071123557815152,0.11807261597239235,-0.16492246161002508,-1.2424279795790092,0.09073875336050857,0.02920111839977995,-0.8713495362505933,0.0516312618473357,-0.12738778368230874,-1.540160173680825,0.06521004346813358,-0.13271188275633514,-0.6003127535293051,-0.04854129801214318,-0.2090702800818378,-1.2353663751952457,0.030328557715520454,0.6630341324349558,0.6686625903112153,새롭다
0.7487129002907923,0.6573631696761584,0.5319846294841764,0.3292005008587039,0.42963187850658346,0.39763880773442434,0.37286079191664323,0.457440475652865,0.04185393784299481,0.25958105937274956,0.16373404245549425,0.17396563147971528,0.3212137936781738,0.5403929382168731,0.6042165875963987,1.0,0.4595030369149202,0.21688141306961312,0.6266199554700398,0.12958569014672525,0.5770069980836317,0.812242753169931,0.1944715602513541,0.3073644341382334,0.7351076538777291,0.2675332623159614,0.08435469757458529,0.8968654818000062,0.4192167962405895,0.48093980455926977,0.9679784430453544,1.0,-0.05986656098813686,-0.5895474856063845,-0.30962010779609095,-0.30647906405992376,-0.49453199481234894,-0.11635805975676572,0.4051175275629982,0.05594170843315275,0.001347344504353186,-0.17418004598987688,-0.8689576767556904,0.04211097163512679,-0.04946541602968964,-0.7055589015820513,0.46212284538631226,0.2656043499656595,-1.0319697453843102,0.444850228313569,-0.21819207674083294,-0.8708885241629627,0.35016103144167127,0.03548932527883758,-2.3550380765066055,0.265831104541644,-0.1916098247908095,-0.9814705839954587,-0.0010806457552666904,0.2854259231216637,-2.741926334849287,-0.01683834824767379,0.27224716285729117,-0.46814290520624174,0.017558922399625698,0.7788005116581287,-2.7639752700939964,-0.07496247489239162,0.8028090186259776,-0.8126204502859034,-0.18677581878208674,0.9967971229393184,-1.9542070241879725,-0.039112178957939156,0.6630341324349558,0.6686625903112153,새롭다
0.07075111641924642,0.041372023488499096,0.035004837249157664,0.07176886384729433,0.04500987302537365,0.027949288021463972,0.06108969058219933,0.02662466731195574,0.033653398784850554,0.09290688722265,0.020865130146844036,0.037337655905406095,0.12076113847117854,0.032977935312722036,0.03710724650290077,1.0,0.0,0.0,0.0,0.0,0.0,0.0,0.0,0.0,0.0,0.0,0.0,0.0,0.0,0.0,0.0,0.0,-0.011554006846651959,-0.4116052859394699,0.0716518099808773,0.0,0.0,0.0,0.0,0.0,0.0,-0.3095062417309798,-0.49425175646101394,0.05888400223807334,-0.40373517021386485,-0.6690896196028048,0.034637658429808316,-0.47916758908407797,-0.7914716173567781,0.003183583853724912,-0.23012794568036954,-0.9360261682155852,0.06714739355966541,-0.5441147311602718,-1.6492621050399958,-0.06502488288824969,-0.108593328104319,-0.994081397154836,-0.0031088457531467735,-0.41962060040814586,-1.9195193141959337,-0.11228541834155661,0.019350970847381407,-0.9897998529755301,-0.07645283459457071,-0.28558417706596145,-1.9018334117051217,-0.17822815052645716,0.16130168077676107,-0.9347576249273627,-0.14634988038342156,-0.038261615662944566,-1.6402677456564372,-0.18974432932371232,0.6696453709141423,0.6380253756856873,새롭다
0.11030759784292046,0.7266115671464598,0.7043432673864236,0.2936376542086947,0.6837338523563762,0.6724760887941655,0.050980241956486386,0.09440912562250299,0.7854547261283072,0.084578608816401,0.041362229710572046,0.6200381997061607,0.11355700220365345,0.3004259555676159,0.7137145921165777,1.0,0.0,0.0,0.0,0.0,0.0,0.0,0.0,0.0,0.0,0.0,0.0,0.0,0.0,0.0,0.0,0.0,-0.0010052272297839818,-0.3748016551899719,0.06945481283991285,0.0,0.0,0.0,0.0,0.0,0.0,-0.3288452805869001,-0.546361097676311,0.08397984313677524,-0.282324816429334,-0.5160571466621363,0.02691992042509747,-0.686848248272771,-0.8925334444654901,-0.03798466835397184,-0.37552972082373376,-0.7493455682778439,0.09223155904416912,-0.34741803181506015,-1.5734718750660668,-0.09717538657782711,-0.09526607979243103,-0.9951930341902697,-0.022697989782066698,-0.4706330746476987,-1.5883660048428345,-0.0894873260641639,-0.0820536895609531,-0.6740942675698591,-0.11501507936882598,-0.283152355917466,-1.4668734363550793,-0.11916047504665023,-0.2050465017525368,-0.7987486836961346,-0.07931514987028096,-0.05231040623657838,-1.4482829597217404,-0.11567418302773352,0.6696453709141423,0.6380253756856873,새롭다
0.5622056291492068,0.9675671190369285,0.3553819195542091,0.07681158994884797,0.313086884120825,0.6897986288635295,0.25324423181872746,0.08206780624122573,0.127013249860379,0.09033189677491095,0.3561263696136477,0.8818405870780548,0.3200256179103065,0.23003870028248394,0.8503942958865942,1.0,0.0,0.0,0.0,0.0,0.0,0.0,0.0,0.0,0.0,0.0,0.0,0.0,0.0,0.0,0.0,0.0,-0.14038074173491205,-0.4687760708598964,0.08995124775319278,0.0,0.0,0.0,0.0,0.0,0.0,0.0592123920583056,-0.29422616407169183,0.021453070969650538,-0.21357793015593815,-0.3491812078559607,0.0029312598570368207,-0.42121677319515294,-1.1543798310759879,-0.06087925359094821,0.13091287803904944,-0.9866507119151848,0.0708623471510704,0.1892460848836972,-2.078060338535559,-0.1289889407932863,0.36336094013083864,-0.9314539902950891,-0.01903394732023055,-0.1642717361607016,-2.242945170864077,-0.16947374219710024,0.332229739028701,-1.0809545330822665,-0.15766829195253812,0.2573324187309695,-1.8637659893483007,-0.23106314128181474,0.6327756435144408,-0.9327925062627862,-0.17747371344668314,0.3544593128073934,-1.8470834924457853,-0.2951148530557389,0.6696453709141423,0.6380253756856873,새롭다
0.5237652215496461,0.060754747938876065,0.058224635000689265,0.1330044765508997,0.29409845535368206,0.33304779329042544,0.15158624776893354,0.1887315079845147,0.11274619442754452,0.1607134124843132,0.6420187329763823,0.4911139250810399,0.4711340480460968,0.4949510571462671,0.6993239463784002,1.0,0.0,0.0,0.0,0.0,0.0,0.0,0.0,0.0,0.0,0.0,0.0,0.0,0.0,0.0,0.0,0.0,0.017742224105373145,-0.5065639696691547,0.06720562068368124,0.0,0.0,0.0,0.0,0.0,0.0,-0.09102083724402016,-0.2882951738854882,0.08068990194604385,-0.2750948014202775,-0.4918415797799406,0.0749574893259869,-0.44217005358165873,-0.7628815238066178,0.06573051513256872,-0.0793285292445228,-0.7402113692821122,0.07975024862617572,-0.08309497269065792,-2.1727235967923875,-0.11674996035551932,0.2619602274711131,-0.9632083261835218,-0.060054638405546916,0.3266075093648519,-2.4069801807935836,-0.1294389673834016,0.4632148963298628,-1.1943076085887068,-0.11096932731912976,-0.020586016101763787,-2.314796389519963,-0.16679380928546442,0.7709117741356334,-0.6200537834518843,-0.15315605114925177,0.29744230141938494,-1.7293240836926824,-0.23230566450269907,0.6696453709141423,0.6380253756856873,새롭다
0.3840218265967551,0.055605465498981405,0.26749738148604557,0.1267165590309601,0.27139215535168904,0.25113770734899626,0.18112873444445723,0.20026238655207382,0.31595376984944085,0.13332502576343852,0.19978953974737393,0.4834515018437694,0.2134729112190277,0.20584260535214266,0.8081295743780134,1.0,0.0,0.0,0.0,0.0,0.0,0.0,0.0,0.0,0.0,0.0,0.0,0.0,0.0,0.0,0.0,0.0,-0.016814467453392507,-0.4068914763815878,0.06584739727468374,0.0,0.0,0.0,0.0,0.0,0.0,-0.4240799901063002,-0.3511521010629864,0.06751925422683495,-0.5264229122878531,-0.708536957605665,0.06445422082277862,-0.6148566606164788,-0.7541484605778603,0.08658685989460244,-0.4634273709126212,-0.9399979643967508,0.1345649112739922,-1.264957028148249,-1.3105441427920164,-0.061020279469025836,-0.16315788082406757,-0.9849720127890522,-0.05665368432222752,-1.0310621313766866,-1.88595662201728,-0.08250479798765364,-0.5692641628471949,-0.9591514554938783,-0.142142736589203,-1.039150237613433,-1.9488936051491816,-0.1600578215609361,-0.1131368569947333,-1.1647538577054029,-0.15631869698802756,-0.45785129346739134,-1.6369076137163359,-0.1761789274956513,0.6696453709141423,0.6380253756856873,새롭다
0.20948497401252963,0.5820469014947433,0.7702401623319666,0.218313864180824,0.4738510436744044,0.14871418810165649,0.06399615712104387,0.15111455668935445,0.13064344236659373,0.23306408524552663,0.06250784789986237,0.39463314368095675,0.2785842935073101,0.6982991708896757,0.6545942813106335,1.0,0.0,0.0,0.0,0.0,0.0,0.0,0.0,0.0,0.0,0.0,0.0,0.0,0.0,0.0,0.0,0.0,-0.011354269877677224,-0.3322434532263047,0.08305877066917733,0.0,0.0,0.0,0.0,0.0,0.0,-0.403031263657505,-0.4006461705386573,0.05489798805306492,-0.009143570037706225,-0.9482649877042484,-0.005922012713773623,-0.4957809106649811,-0.8347264397974368,-0.0027464060559422724,0.012369039408457305,-0.8742426732386303,0.019468647103839897,0.028132687611794643,-1.7899866043968482,-0.1258575889638849,0.0776609361149855,-0.9965763573898262,-0.028360939571346052,0.19374927533593064,-2.293067903927105,-0.15501896537284637,0.3234337524443138,-1.1011812683640454,-0.08371055312655967,0.20472705178805511,-1.9222361470672438,-0.14223242189192678,0.30297221881258474,-1.0742119903226384,-0.19007063373605781,0.459998345117098,-1.6957895401085772,-0.19584822541252064,0.6696453709141423,0.6380253756856873,새롭다
0.6850269432385031,0.8484756071552284,0.48162574478796033,0.15107356754436574,0.37556155329027835,0.46159367752538116,0.12247351600940283,0.2617740711741771,0.17543395125940486,0.09986282358901198,0.2288563469515759,0.4712739214687643,0.0987728468315303,0.45327938511834714,0.18406274934700848,1.0,0.0,0.0,0.0,0.0,0.0,0.0,0.0,0.0,0.0,0.0,0.0,0.0,0.0,0.0,0.0,0.0,-0.05130204130662922,-0.4403995871674365,0.05367461984514133,0.0,0.0,0.0,0.0,0.0,0.0,0.07741739328537965,-0.3279360088345056,0.12298990846681558,-0.36738905111826226,-0.3029446262553158,0.13944486545341314,-0.400687043056769,-0.555138870967817,0.045973675585669914,0.022379593311816364,-0.6102645502615551,0.08247843011218205,-0.5341369109769637,-1.3188768316558181,-0.04502916413634925,-0.3180274117709976,-0.9480810992591744,-0.0008913976417804002,-0.5192413526371924,-1.6767700508469976,-0.0871636892899968,-0.18597526843766843,-0.6695235276379785,0.0009188240812759937,-0.4739493075280363,-1.713962286307452,-0.15070719474668495,0.1539543945983864,-0.9353126508437728,-0.09764671734260659,-0.4126425984091021,-1.4534124914361934,-0.12325570175173038,0.6696453709141423,0.6380253756856873,새롭다
0.7777030425246116,0.6589703798100917,0.1718202873072098,0.12383861235686185,0.32089722389979763,0.5169367894329007,0.21052230171595457,0.23302511422318828,0.4068827952147913,0.1309494605920553,0.12345162509673512,0.27919877298233997,0.16929873730917644,0.3125553882748561,0.8359044977715019,1.0,0.0,0.0,0.0,0.0,0.0,0.0,0.0,0.0,0.0,0.0,0.0,0.0,0.0,0.0,0.0,0.0,0.06486273637990189,-0.4335189782690176,0.03523263465264725,0.0,0.0,0.0,0.0,0.0,0.0,-0.32194669124233455,-0.3173671395430364,0.07322838397003881,-0.7949246453211956,-0.7138708637310937,0.08245839874477728,-0.8295089683163033,-0.7234710664552516,0.09586903300809775,-0.5923155604015652,-0.8889520040293561,0.1419952382117923,-1.1105250768502324,-1.5446288444897165,-0.014852668753069386,-0.5030379573492171,-0.8583709675571093,0.10075760775742569,-1.0262276874118488,-1.7409260869454952,-0.06740453234055115,-0.042578073714465516,-0.9245008597155626,0.02435550434276993,-0.8619266386656631,-2.266487948633925,-0.15661567379909225,-0.028762318091832228,-1.0729757168590999,0.009112437968932975,-0.16275445585634155,-1.7385288540517638,-0.09086129278520871,0.6696453709141423,0.6380253756856873,새롭다
0.16256852556821055,0.2854725339490241,0.3199219237284629,0.2737791057778422,0.27852632673927985,0.7067823677031285,0.32197558683877153,0.6893070103357739,0.8005948203189424,0.025971977156022327,0.696001341072754,0.124296526688717,0.5114970907961638,0.4812953851585776,0.7918428554634752,1.0,0.0,0.0,0.0,0.0,0.0,0.0,0.0,0.0,0.0,0.0,0.0,0.0,0.0,0.0,0.0,0.0,0.08261058878492321,-0.4189210568459162,0.0671643873041699,0.0,0.0,0.0,0.0,0.0,0.0,-0.3335717475495298,-0.28772524517114667,0.062269678873631176,-0.4316397988808109,-0.30370064292942384,0.06704550927326774,-0.6226165045897688,-0.717451779303752,-0.031956435421746705,-0.46504663874877583,-0.7889777276556924,0.1205425573882285,-0.767408194401997,-1.0179452488150977,0.03423220952887009,-0.2892281853980878,-0.9563323440482636,0.04213673573596646,-0.6816509766708465,-1.3829655337051965,-0.05717135335605741,-0.1592163685341618,-0.6653720584756617,-0.08586836933399414,-0.6199037791968913,-0.9831965925583077,-0.17432067948563837,-0.33879518559541655,-0.7310324966304153,-0.09703053740236552,-0.18557851885572124,-1.1622849044579775,-0.14548626931489378,0.6696453709141423,0.6380253756856873,새롭다
0.0,0.0,0.0,0.0,0.0,0.0,0.0,0.0,0.0,0.0,0.0,0.0,0.0,0.0,0.0,0.0,0.06427441857384456,0.05326427577520056,0.08434176244275593,0.09029546504935071,0.03395787252792851,0.017691308128167056,0.06615332875664788,0.02633455358132815,0.019557135667460313,0.08023661249451743,0.021618654902868895,0.03278273041064105,0.11069570452656909,0.05228532407335514,0.029190177958083555,1.0,0.0,0.0,0.0,-0.818092355845586,-0.3847568164434161,0.17182105604269204,0.0,0.0,0.0,0.0,0.0,0.0,0.0,0.0,0.0,0.0,0.0,0.0,0.0,0.0,0.0,0.0,0.0,0.0,0.0,0.0,0.0,0.0,0.0,0.0,0.0,0.0,0.0,0.0,0.0,0.0,0.0,0.0,0.0,0.0,0.0,0.0,0.6887950462017582,0.6689585107517838,새롭다
0.0,0.0,0.0,0.0,0.0,0.0,0.0,0.0,0.0,0.0,0.0,0.0,0.0,0.0,0.0,0.0,0.5456946108861113,0.1793034179403157,0.09736438481864948,0.30656145859617095,0.23854837093135864,0.18591984299855782,0.11135404740537684,0.1513380779065131,0.21195112262686253,0.17225237599389662,0.0740544748487804,0.5063383961802113,0.066879895190193,0.22912122285711212,0.4483566723831777,1.0,0.0,0.0,0.0,-0.7827998281837018,-0.37922356784201144,0.15241470820536204,0.0,0.0,0.0,0.0,0.0,0.0,0.0,0.0,0.0,0.0,0.0,0.0,0.0,0.0,0.0,0.0,0.0,0.0,0.0,0.0,0.0,0.0,0.0,0.0,0.0,0.0,0.0,0.0,0.0,0.0,0.0,0.0,0.0,0.0,0.0,0.0,0.6887950462017582,0.6689585107517838,새롭다
0.0,0.0,0.0,0.0,0.0,0.0,0.0,0.0,0.0,0.0,0.0,0.0,0.0,0.0,0.0,0.0,0.2413891268266495,0.1644397057846863,0.04752237243645753,0.2046364566798501,0.1871327262999079,0.7122558163985455,0.10561054236848011,0.1550983757899119,0.44231369760188727,0.1852775018495289,0.17398511173090483,0.45511579564526766,0.3352955776138766,0.24560336638113103,0.2935161358640677,1.0,0.0,0.0,0.0,-0.8724910668038625,-0.45096489046137445,0.17098980683140597,0.0,0.0,0.0,0.0,0.0,0.0,0.0,0.0,0.0,0.0,0.0,0.0,0.0,0.0,0.0,0.0,0.0,0.0,0.0,0.0,0.0,0.0,0.0,0.0,0.0,0.0,0.0,0.0,0.0,0.0,0.0,0.0,0.0,0.0,0.0,0.0,0.6887950462017582,0.6689585107517838,새롭다
0.0,0.0,0.0,0.0,0.0,0.0,0.0,0.0,0.0,0.0,0.0,0.0,0.0,0.0,0.0,0.0,0.678289811126161,0.5135160803421388,0.20470137909549443,0.15607602871303333,0.17109051743384482,0.1075561236832543,0.02828228220949435,0.24054278354209493,0.2984276358125775,0.1751746215365116,0.123829357825847,0.29181442349469505,0.23251084205873188,0.3006479370732583,0.4564129762891189,1.0,0.0,0.0,0.0,-0.785163957731263,-0.2902228030121365,0.1907199330062603,0.0,0.0,0.0,0.0,0.0,0.0,0.0,0.0,0.0,0.0,0.0,0.0,0.0,0.0,0.0,0.0,0.0,0.0,0.0,0.0,0.0,0.0,0.0,0.0,0.0,0.0,0.0,0.0,0.0,0.0,0.0,0.0,0.0,0.0,0.0,0.0,0.6887950462017582,0.6689585107517838,새롭다
0.0,0.0,0.0,0.0,0.0,0.0,0.0,0.0,0.0,0.0,0.0,0.0,0.0,0.0,0.0,0.0,0.8502862030888036,0.2857914768661537,0.39143353582817925,0.1986941074297884,0.22193106643394728,0.1638826799751332,0.10160992250574083,0.6944280952723737,0.7403787546331992,0.026160582940787488,0.4788604041493848,0.8033694692200913,0.1727496064488656,0.742511780606108,0.3560515269588676,1.0,0.0,0.0,0.0,-0.8510197109678475,-0.428014514513445,0.16782421787021537,0.0,0.0,0.0,0.0,0.0,0.0,0.0,0.0,0.0,0.0,0.0,0.0,0.0,0.0,0.0,0.0,0.0,0.0,0.0,0.0,0.0,0.0,0.0,0.0,0.0,0.0,0.0,0.0,0.0,0.0,0.0,0.0,0.0,0.0,0.0,0.0,0.6887950462017582,0.6689585107517838,새롭다
0.0,0.0,0.0,0.0,0.0,0.0,0.0,0.0,0.0,0.0,0.0,0.0,0.0,0.0,0.0,0.0,0.5113863874806177,0.5309651854840611,0.24137016221637672,0.2215999891752826,0.37722353448166746,0.2552602940691857,0.19763153106351872,0.2639564954157431,0.26390548561092136,0.14232163740556716,0.16973033309052604,0.25159269890904684,0.3509808486332548,0.40064713965433074,0.27359197126582885,1.0,0.0,0.0,0.0,-0.7995019658206629,-0.3737788220890427,0.19283569058404282,0.0,0.0,0.0,0.0,0.0,0.0,0.0,0.0,0.0,0.0,0.0,0.0,0.0,0.0,0.0,0.0,0.0,0.0,0.0,0.0,0.0,0.0,0.0,0.0,0.0,0.0,0.0,0.0,0.0,0.0,0.0,0.0,0.0,0.0,0.0,0.0,0.6887950462017582,0.6689585107517838,새롭다
0.0,0.0,0.0,0.0,0.0,0.0,0.0,0.0,0.0,0.0,0.0,0.0,0.0,0.0,0.0,0.0,0.574412602385101,0.29717904407014223,0.0808007326839945,0.29053245366615904,0.3031194790375974,0.45720239618362307,0.039681379032574966,0.7117932830295045,0.8504164389558303,0.2979533116935276,0.5301532434763694,0.16896980425124805,0.16481320886495351,0.6234434360336573,0.8581219323013666,1.0,0.0,0.0,0.0,-0.8080973879659336,-0.3578497373160882,0.16370019760974247,0.0,0.0,0.0,0.0,0.0,0.0,0.0,0.0,0.0,0.0,0.0,0.0,0.0,0.0,0.0,0.0,0.0,0.0,0.0,0.0,0.0,0.0,0.0,0.0,0.0,0.0,0.0,0.0,0.0,0.0,0.0,0.0,0.0,0.0,0.0,0.0,0.6887950462017582,0.6689585107517838,새롭다
0.0,0.0,0.0,0.0,0.0,0.0,0.0,0.0,0.0,0.0,0.0,0.0,0.0,0.0,0.0,0.0,0.4055508451728712,0.4719736874394741,0.5655049558348468,0.24821189460373663,0.3213914668881859,0.28218420811886613,0.3299283464730657,0.5448701355370816,0.30525665230836013,0.2781182518098956,0.07337886080333952,0.36088576186221877,0.26742959139415207,0.2388091331823217,0.5162895877395621,1.0,0.0,0.0,0.0,-0.7836652463747149,-0.3774393132820317,0.1690567008700448,0.0,0.0,0.0,0.0,0.0,0.0,0.0,0.0,0.0,0.0,0.0,0.0,0.0,0.0,0.0,0.0,0.0,0.0,0.0,0.0,0.0,0.0,0.0,0.0,0.0,0.0,0.0,0.0,0.0,0.0,0.0,0.0,0.0,0.0,0.0,0.0,0.6887950462017582,0.6689585107517838,새롭다
0.0,0.0,0.0,0.0,0.0,0.0,0.0,0.0,0.0,0.0,0.0,0.0,0.0,0.0,0.0,0.0,0.5110271564589435,0.33064119741084036,0.2828313115780366,0.08180152679204385,0.1633580149131313,0.12372623649776365,0.09792505856882207,0.08583645787645078,0.15484969175747232,0.07743721414585843,0.11623817805008686,0.3741957417689204,0.02842253621695612,0.3335563194988584,0.5405786782813575,1.0,0.0,0.0,0.0,-0.8065019745105907,-0.3302055670655191,0.1633307510386739,0.0,0.0,0.0,0.0,0.0,0.0,0.0,0.0,0.0,0.0,0.0,0.0,0.0,0.0,0.0,0.0,0.0,0.0,0.0,0.0,0.0,0.0,0.0,0.0,0.0,0.0,0.0,0.0,0.0,0.0,0.0,0.0,0.0,0.0,0.0,0.0,0.6887950462017582,0.6689585107517838,새롭다
0.054994353542087815,0.0478920570680505,0.0799050521904643,0.08138345010666147,0.03507679658442566,0.02634795793484681,0.05903480859041825,0.020477130571443777,0.022108952765704532,0.07385010004776857,0.019310528825055892,0.03451986601664689,0.10536085297142396,0.05096616279821224,0.030242553563075134,1.0,0.1020892531532736,0.07060963633380714,0.06477536783765334,0.015275063834274464,0.015587221330317255,0.011264835418469423,0.025140777899029302,0.010927107511596838,0.01326433994769386,0.07497934968653604,0.025551654207421903,0.02311324671802995,0.04672576968428561,0.028753733150394353,0.022175349829017966,1.0,-0.17593107929384827,-0.4171637838300173,0.10577225617260509,0.004130116865257056,-0.447870937930346,0.07095432191499856,0.5704708662886151,-0.017461313074228577,6.500628160209993e-07,-0.24474588277066855,-0.4220754885003285,-0.12742178074961025,-0.3354793246107508,-0.5808292451734249,-0.2008748577390688,-0.45538245885843054,-0.7003360000267832,-0.2791959895717204,-0.2634153304760834,-0.9263040347963905,-0.07504648007209326,-0.60165146180242,-1.6742144866640856,-0.37245640446842126,-0.16948255621549743,-0.9786544121127598,-0.11623770812816718,-0.49213668922085413,-1.9629656653565615,-0.3969740807746512,-0.04707228420626082,-0.9696867908676984,-0.17201080301244417,-0.3694160179714734,-1.9386920529689933,-0.41352580463198596,0.11259373278622131,-0.8990759701742668,-0.23417468575841402,-0.14449411135623685,-1.6895566112384746,-0.41227716056383606,0.7150790116983529,0.725350772405857,새롭다
0.5270955405623217,0.4128936215826325,0.4614585833141522,0.23148051677768497,0.5365597047256987,0.34499721438049813,0.13480183059601594,0.272951674673043,0.31397489318116634,0.041295964843434695,0.4354553188509173,0.9126820735412813,0.19734315455628204,0.3224954879706836,0.3257009099684344,1.0,0.20276235517406427,0.4385232126151496,0.39214145666610484,0.05413853484487966,0.13110540414790367,0.7583119238391896,0.05529256282831461,0.2858599885297848,0.640157373849806,0.27430220648336273,0.5211286202157548,0.49063105309251237,0.12026741495070395,0.32660775900438893,0.29638588811574845,1.0,-0.089385529868211,-0.3441002719165766,0.13764921267897692,-0.11477696280720381,-0.406442401322114,0.0620078251995244,0.48871921200888657,-0.036547238144629256,-0.022671792904335252,-0.21211312588500056,-0.567353378756224,-0.11573814318267454,-0.20969247465619656,-0.6048940491232628,-0.24272186009677443,-0.6185929290337077,-0.588328714280792,-0.30761124559908304,-0.2985107822489898,-0.9677759970338825,-0.13908001334625109,-0.47087374169226975,-1.3811813734402378,-0.3961356787685928,-0.174640530382531,-0.9739489755657471,-0.14465157497289746,-0.5978309710158576,-1.8924254103189593,-0.37869114474469745,-0.3003796024487312,-0.9678774338742229,-0.1678262607240733,-0.6478207486002856,-1.3719569095567479,-0.36968449379698015,-0.10169512186071714,-0.9241699324003508,-0.22573467125717925,-0.3605249338543264,-1.4055654227871341,-0.3848640894266839,0.7150790116983529,0.725350772405857,새롭다
0.46530975868777164,0.5883910459161035,0.6619665407100291,0.08632958542612165,0.776411860386532,0.8139538807872224,0.4597166012386987,0.5253857889092769,0.025083839376585843,0.2535635789028431,0.2336086137701259,0.15654164496991574,0.19950797384652583,0.6651931973029441,0.5610726558271636,1.0,0.09205501987401915,0.06856904875685396,0.34501891924183714,0.04561976867830828,0.23151059560590595,0.20116311141259155,0.19902138786358242,0.2306305197411153,0.4545575981427862,0.15969530772860419,0.16411855676838166,0.13812298939964635,0.11290983529136168,0.4465571021707348,0.23618877606898864,1.0,-0.20468063017233784,-0.34674264163054486,0.11323611684544853,0.02594093842552134,-0.4801723402750869,0.05934106553271445,0.5892706242231889,-0.08509644258606465,-0.01053891210551658,-0.23130403534445348,-0.4549495473683556,-0.06954887972745494,-0.255030696560878,-0.3660582356514674,-0.13122847025998,-0.3074680535032449,-0.49202367781834166,-0.16878787775299206,-0.3098750568654692,-0.7250480862069042,-0.0745620359383001,-0.40564566594297274,-1.1817787682747534,-0.25113294155409915,-0.1385561457164558,-0.9873981995963315,-0.0764656126512011,-0.3549603987881426,-1.526416118092927,-0.28218608757863745,0.04034109995580719,-0.8461310567950431,-0.1734779611125356,-0.33593599291539405,-1.5527712883401432,-0.31756602421628694,0.09906643879015115,-0.7789217811032265,-0.18728201808205105,-0.31164109067036827,-1.2174881589356858,-0.29396683829650927,0.7150790116983529,0.725350772405857,새롭다
0.478102583990147,0.39609424024827955,0.18543397386032856,0.23933072759711171,0.2177270978796037,0.47392280146439,0.32618955866718746,0.20712439415885706,0.5603934620616566,0.24986915689183797,0.33637260276110126,0.436908370802749,0.42160394448298444,0.13741391818373608,0.8231718367757961,1.0,0.43602709951673074,0.28408951131967003,0.9268483031821912,0.08785495310770378,0.12393954161583692,0.017364292482458746,0.2914431925019409,0.25975795701250054,0.5019699522130426,0.27488170920874055,0.22243697018725567,0.7987654118360087,0.2960408476037872,0.13454568700575023,0.6647451528803706,1.0,-0.18215897147149257,-0.38430064103911965,0.10934735609378944,0.11849611417720747,-0.4116509628213792,0.028918733103215383,0.613666351208225,-0.014566812775653581,-0.02509373247583698,-0.08653509423618977,-0.43587707305383716,-0.12551839966334788,-0.18067017316480063,-0.5956161916276261,-0.11123142954540147,-0.2994356289397522,-0.7814538362482019,-0.23304254363892535,-0.24901043340848822,-0.7700381899429143,-0.0742503722629401,-0.6595736077974564,-1.301664531360758,-0.32956023208617014,-0.16408187617892728,-0.9791240595947335,-0.11997172096928535,-0.5237154305178081,-1.4053993426414693,-0.364553809040772,-0.08432175968964274,-1.1036787007463142,-0.10349260497754321,-0.6792355711024778,-1.8073192132573819,-0.3857294516398392,0.044973685301138995,-0.9544929663376305,-0.20312083079669027,-0.08490909837934058,-1.2083456661852956,-0.3089085004373703,0.7150790116983529,0.725350772405857,새롭다
0.7244759814754969,0.6688852855168739,0.5384471059274575,0.5838307191686145,0.5882091246598489,0.309366978341456,0.4670057471493876,0.3503702826687758,0.09770776535681808,0.07708299838801934,0.6968531478160934,0.6074190775686397,0.052544216009425035,0.037394079903159586,0.7124031769575345,1.0,0.1704726566785163,0.6357461236967898,0.764546077516069,0.061483281098074626,0.09283723475316578,0.17472839785237082,0.21561784616825588,0.19681290462920306,0.13743522206427577,0.21555077194097885,0.07164678225907148,0.3630768090854641,0.13254913037852464,0.5314407328507429,0.6713978818384734,1.0,-0.20905611433070972,-0.4260104232941954,0.0989022609670227,-0.1051781970316251,-0.4071144023138835,0.08575157773891495,0.5419583094016893,0.015797139968584114,0.01197386815374955,-0.0868884230276032,-0.3964553953597043,-0.10292408564317723,-0.24077422644050772,-0.27886464685934953,-0.12661290582644721,-0.37326072171427666,-0.546905807466448,-0.26819240595419563,-0.2579746127155761,-0.8357971944178961,-0.0020315041748891014,-0.33398400156400887,-1.590153643267183,-0.2820857354119284,0.23959962012565048,-0.9691941948625903,-0.05704940560864299,-0.4638527313526839,-1.7101512306218132,-0.3206114906498361,0.06291094030233178,-0.8319192006895798,-0.14710535895610766,-0.49896107389935695,-1.7087986064253449,-0.3486645771105098,0.05955777462299089,-0.7282266349807028,-0.1697358933080659,-0.12577688052620978,-1.2444602744792053,-0.28861809579497016,0.7150790116983529,0.725350772405857,새롭다
0.8078551271561897,0.12375822633523398,0.471964010051254,0.24496381955784194,0.16156134593556373,0.19560935697064724,0.11760724295435561,0.1114963985030999,0.4576558955997864,0.13994083649761202,0.458429528885602,0.2410776206155155,0.33826412623714597,0.4034157377854444,0.2878310046235393,1.0,0.4095042108602015,0.622557501694717,0.09147583296621327,0.1566714353959907,0.3029961323957953,0.18342521438135245,0.09012548637494813,0.22141588763262912,0.04168903748078945,0.019945948211406574,0.34861881781509485,0.4271975215167663,0.1315059369814967,0.2164084081659036,0.4086931420008048,1.0,-0.24832722563233395,-0.517963730745343,0.09336487932562121,0.04964389591544484,-0.4087783387860191,0.07321816753820308,0.613681309977983,0.07954989142511978,0.008121761521197087,0.14834918751129275,-0.6195914536048097,-0.27222849019013623,0.19674067356894104,-0.7639769995011637,-0.25313857122109534,-0.29830627347640215,-1.0017620788188166,-0.3954959364758347,0.27681686368416003,-1.0580230126722963,-0.03764327563871632,-0.035048022495013736,-2.298862764920006,-0.5266638117670486,0.18493753333150614,-0.9787424841022102,-0.0886637388039374,0.16263900193188285,-2.6258921421857115,-0.5957276497773304,0.20123346119199187,-1.2804815110728505,-0.25156527018280517,0.1223908063776544,-2.5582523187412796,-0.6489964733572448,0.3842807301803439,-0.9906669263733312,-0.34322147382230656,0.48930268391028703,-1.9168083467150732,-0.5129888149935132,0.7150790116983529,0.725350772405857,새롭다
0.4238049602992556,0.26340114793461394,0.10741976556051563,0.07284405360719898,0.24242703935802512,0.12756220852114386,0.07010347980143973,0.04252175731062969,0.09243527835058821,0.14457821145608826,0.15292443964465682,0.4272812356845792,0.211599421324294,0.10262092810177573,0.055214609774599174,1.0,0.05408103857726917,0.3267500211268184,0.25948859988331835,0.10613538685133787,0.1526640344885294,0.45455939419144453,0.1358503945342447,0.11495262261539464,0.13037776742133222,0.15469929645769576,0.11111851631159117,0.6049111528237803,0.22650235219330986,0.3807996303881037,0.24899196019933056,1.0,-0.1129136703656729,-0.3596726382268382,0.1145306864334735,-0.033921515056227244,-0.5582427084208013,0.10295003608674633,0.5313554359097341,-0.13509193913675874,0.012820879466863954,-0.12191313614610814,-0.49177364787192174,-0.07892958785787081,-0.23156800572406214,-0.7217922943691716,-0.17690962958479667,-0.25217625491754014,-0.753299325787545,-0.2076208965580561,-0.049948946268084486,-0.786250873065054,-0.09374220072106866,-0.30409435310270494,-1.5631389898321757,-0.3059742477447236,-0.025685742700322627,-0.9905791723610067,-0.13451076502092935,-0.2686757927133468,-1.7280136539244995,-0.347816837961006,0.13487381830584405,-0.7865737022077897,-0.15423126299718948,-0.14140374293407193,-1.5529786675450974,-0.3417798703710597,0.2547739505466587,-0.8109481714696136,-0.16110343505241687,0.133634778919919,-1.5344718187566402,-0.36284780785428106,0.7150790116983529,0.725350772405857,새롭다
0.3965390741272299,0.5061389518315063,0.15067721184296057,0.1684360589285725,0.18105126384739714,0.20621424178608083,0.09712380387459427,0.39175815654799007,0.44439997143941856,0.13406508736169406,0.5020410401834586,0.6069457277348798,0.031393876303860174,0.6145721721849253,0.4615842210344982,1.0,0.4603646335885503,0.08337658905756407,0.48645741133674103,0.06234808887305254,0.19095625750778583,0.5993493128235153,0.29460133619357337,0.38717600930481544,0.7373974629792449,0.28323578592809123,0.1245795928192714,0.4571557449678963,0.5799612307536692,0.366525966262113,0.39606144547290967,1.0,-0.18156812932632663,-0.28242614126428434,0.08910154980234139,0.006990756694440783,-0.4432974700415778,0.06714554741989597,0.5736749069032137,-0.09844154134529189,0.007132629532270768,-0.1583882689625751,-0.6083100951105548,-0.06817904302002942,-0.40949045960120756,-0.5903234165275518,-0.14954914235492536,-0.6466161074035242,-0.6980790485841996,-0.2571457566864065,-0.31565518048873686,-1.067313145123322,-0.03724545284526735,-0.8102484539179671,-1.460852551967481,-0.25594392652080344,-0.20412028106085986,-0.9754836523999336,-0.08225907098989814,-0.8839930999109796,-1.8472430349958209,-0.3322353621310691,-0.19606038573989368,-0.9896496732479457,-0.16416575555492163,-0.46451845627082256,-1.799566287288884,-0.3641376086793571,0.02259007850562382,-0.8848774252300358,-0.1652424548273381,-0.45953917806991745,-1.6550619872231902,-0.32274535362976875,0.7150790116983529,0.725350772405857,새롭다
0.4059146923493679,0.5567424836938836,0.5152194841602722,0.20760037253860314,0.18930903840894084,0.15793425859155794,0.07163074718432308,0.06946984363847258,0.1815532302029344,0.1355070265482217,0.08849485563845756,0.061047495267849854,0.099431045143071,0.12068907230005654,0.3384189371133572,1.0,0.5883140067478018,0.18201071582644993,0.8210079443679165,0.23251570587268788,0.26165797468327995,0.7354643663052086,0.026096545060944706,0.48306170312378305,0.48311071848988457,0.3883233535379428,0.18323528565411726,0.23014078010748998,0.3743977589345459,0.5551649017832588,0.5032823531373536,1.0,-0.19980706039350182,-0.43989359282345164,0.10639945876251805,0.06662741740355188,-0.419154607679333,0.08049320930211946,0.6019036218373596,0.017205183068141637,0.004914606721969358,-0.33960574857794656,-0.47296069579069855,-0.1778075770916304,-0.3023752434968273,-0.5552830566713375,-0.2062365021037368,-0.6744907522466794,-0.6467485464373027,-0.36278476167915097,-0.6084649158339817,-0.72059265458415,-0.10242486264009046,-0.9642784132782898,-1.723572582457841,-0.3787049061520499,-0.3736738735765367,-0.914972944244703,-0.15229033950479667,-0.671056868198316,-1.96194510278263,-0.36623462096413045,-0.14657017702874986,-0.9502461371008687,-0.19664801938130966,-0.7634153780985539,-2.0727782820164737,-0.46600035288740316,0.003913467774216693,-1.0407359632376727,-0.3295565628453529,-0.3523823182027569,-1.7593796363801266,-0.4206664486133186,0.7150790116983529,0.725350772405857,새롭다
0.07296366817317237,0.05433756510536192,0.06247904640846647,0.07335854867783682,0.054266950266941213,0.028540991350407087,0.062251570218397265,0.03512639930809031,0.020763581823679503,0.06648666477376053,0.025387971336715543,0.036045334321474595,0.09640414314756232,0.05601626418733225,0.029058582905757427,1.0,0.1027927040447978,0.07635267157549801,0.05808078213045361,0.019092093009515643,0.015385212954760658,0.011516107140549944,0.022238112698397507,0.010994385940727824,0.01582244843860601,0.06819544150537646,0.02089046086102963,0.023778304784280228,0.05057913337905484,0.023254057927270307,0.022482602591263754,1.0,-0.1598489728266617,-0.4249260837302681,0.1593076255900021,-0.005038304927032414,-0.45579990773546053,-0.08686354943938152,0.5693552753338509,-0.016955419504455324,4.951886580783644e-07,-0.17557696089923414,-0.4165898689557868,-0.1952722229464302,-0.30230073598848817,-0.5930277124396778,-0.2767660407154746,-0.4291362399509717,-0.7127372798163569,-0.36010294927692504,-0.22856601588800501,-0.9228002339498349,-0.08843062328918627,-0.5230927244636475,-1.6466546422563784,-0.3860628044790978,-0.15840788697706554,-0.9823460207732694,-0.09951500798565285,-0.44584340263353167,-1.9054106867633374,-0.3894264455052508,-0.059365204240048396,-0.9726283545023999,-0.12927764462344532,-0.33511628752448586,-1.8907429456306908,-0.3759230660210071,0.08019302914700879,-0.9022754920921833,-0.1703871773279169,-0.1560282098226668,-1.6215536631657137,-0.3442268624923782,0.7057607707041491,0.7304877157654213,새롭다
0.8294225353276092,0.1361260866876742,0.14834045819724345,0.29692392533139955,0.2406035035616844,0.32338416693036676,0.1763202608738527,0.39920739703855795,0.5114694731880651,0.09031767909101727,0.4558461405183339,0.6462445708548586,0.07363801906219802,0.4938343216641168,0.09905362926390335,1.0,0.5987737068854924,0.40277962919994154,0.35647327044525107,0.20223059420609119,0.02225266758386926,0.45217066800649053,0.1906740579209302,0.03555344468801695,0.18077256531916414,0.2882060213998196,0.12518769825854717,0.4369547043599116,0.31695439928832186,0.595604609773619,0.5162688534368913,1.0,-0.15503698455424525,-0.5184727042071607,0.15714306745127146,0.05961530190349885,-0.389171156799183,-0.10654211299498745,0.5915227797001719,0.095567756667678,-0.00986684130319309,-0.04069701227431753,-0.21131458615972656,-0.22109806781566593,-0.35083130251417277,-0.6509034550098973,-0.4227399694482567,-0.7390557171050636,-0.8855454611872566,-0.4769868578449325,-0.24811878757315367,-1.2238599510638013,-0.2137806918995766,-0.36182598245064396,-1.925744031383353,-0.5182836425792724,-0.3197307842590193,-0.9374340845077689,-0.13780262261725543,-0.3016229592921112,-2.2941873435366564,-0.47732886544107767,-0.09404800098824749,-0.9489730838302792,-0.14735656141433343,-0.3913230443732103,-2.2008404675747015,-0.4269051692127038,-0.0009774717293115722,-1.0609929351069813,-0.21933575395995278,-0.5843986070451481,-1.3308192053170609,-0.4842357069639244,0.7057607707041491,0.7304877157654213,새롭다
0.21936120366308842,0.6658346521581109,0.6597391961380948,0.22515088123953378,0.2441466272461149,0.5765355575975611,0.12363757740019696,0.18014458481488815,0.25159890105816374,0.09333047747782836,0.06142076843982147,0.3590803872669508,0.17395013966855882,0.2093900027812325,0.025477095920240517,1.0,0.46069843650907066,0.4150887994883924,0.18427082033558195,0.04196760779079747,0.2838684483457988,0.6812629770505012,0.3758119436947087,0.2502138408219626,0.12656246975060123,0.23050362066742092,0.20831600368517156,0.13622335164938423,0.7274952259413207,0.7300823126359426,0.08561106324876157,1.0,-0.15090541973914123,-0.41906271961946717,0.1702000037954857,-0.17713073646859528,-0.4988199530655601,-0.0876462531344556,0.49612039010913184,-0.0520696294418098,-0.006701929760714982,-0.0973992985682202,-0.6863840226662428,-0.20238740223665372,-0.1562786091127336,-0.5463534426550308,-0.3444728532311468,-0.16473616344428615,-0.918416272832658,-0.4375141806092742,-0.0019065612667210172,-1.0476284007272927,-0.1795170386589915,0.11900205032088794,-1.6110816976429647,-0.3930940424559178,0.17345723662643453,-0.9751975547034825,-0.13748569511869,0.19652020869793727,-2.00243572345886,-0.45425205872041957,0.19824559610834327,-0.9075750525841075,-0.19829021706467592,0.3098324659081957,-1.94166738435848,-0.41850176643245957,0.2597679313274164,-0.7704896624701691,-0.1511339314405474,0.45092679357727355,-1.6258734202656135,-0.3097526935222292,0.7057607707041491,0.7304877157654213,새롭다
0.2886183173586164,0.5289826190337484,0.25285031442530154,0.10493887023988507,0.41352574767783806,0.3856531875303355,0.048030038203643724,0.29151665127329734,0.3074927642154426,0.12430989991833771,0.6294127044705513,0.5901305170312982,0.13497588278965464,0.8072053097329887,0.7038676721946048,1.0,0.22044703369983168,0.6367530719189355,0.767582238401605,0.08812826375752668,0.12802061801555428,0.3791090196405005,0.20020016593992357,0.5461847949764159,0.8285982135413248,0.15026977723627816,0.060701122436203306,0.16661528086585334,0.23466395297459774,0.3058651346101963,0.8872166492283766,1.0,-0.22400501854905694,-0.2939990245186161,0.1407452928432681,-0.07032696207180511,-0.4394117527495871,-0.11796520324606939,0.569820784915011,-0.08955982243463939,-0.006958334612982763,0.07653816577497644,-0.5226946528929692,-0.13150054751531715,-0.12535866840443333,-0.6356938068147238,-0.22807113715303823,-0.42543493025099427,-0.5688943522708672,-0.23847265033069753,-0.05144232271757923,-0.794241926241756,-0.01819060241841625,-0.32286483292454,-1.4498261270220874,-0.26129249331974874,-0.06643408545152754,-0.9947028923660344,-0.07843894574039474,-0.3653963685558114,-1.712713525221499,-0.25433250390885803,-0.12120890042766265,-0.9296169145065585,-0.091682075906737,-0.23849029656556217,-1.5883357564796996,-0.2634091411437524,0.08808838868758434,-0.9781464775984788,-0.07402985521078774,-0.024411162331404803,-1.3986534920568656,-0.20193789216577546,0.7057607707041491,0.7304877157654213,새롭다
0.2096447002085709,0.5002884520691723,0.6654220671012957,0.15588774916365422,0.4391209737483628,0.5008182372051793,0.11394254604989035,0.7140238113987164,0.8043451319912109,0.23614852742374737,0.08580944708859857,0.0974784044739098,0.060715431732040664,0.3643750031808158,0.15082258049316155,1.0,0.5628630772505383,0.34911559604290016,0.7783606687955709,0.09258974904347769,0.1724455292752908,0.9355609626211673,0.11444538610764088,0.39154339359505,0.3954676845369906,0.0501164467713434,0.06856476211658503,0.8833945689237808,0.2514582658015544,0.6534086708796971,0.4604727848764647,1.0,-0.16961127016973557,-0.5066961919737595,0.15861837499320716,-0.03493612419676991,-0.45962705111674035,-0.11011082103451042,0.5617950726503588,0.03880451322500141,-0.012732065055150286,0.07762402084046471,-0.3556517617850857,-0.2660021646655984,-0.6165870652297731,-0.5875943865062936,-0.48052419272829217,-0.550787894247333,-0.21233517064665416,-0.41729291861925033,-0.6578960401212777,-0.7194902660032684,-0.0973181180735902,-1.0605801324942299,-1.7967251676386786,-0.5300073378835342,-0.46857113098179903,-0.872028141837596,-0.14144969089293594,-1.4138993259766734,-2.3229123038887636,-0.4675097926566953,-0.5246719733335117,-0.27966835280294344,-0.09505220199386387,-0.96495151879296,-1.994801559682414,-0.4315420516421825,-0.13199956191645296,-0.44475957739195393,-0.1736011515817924,-1.072952893025904,-1.4657889356433353,-0.3424112130874945,0.7057607707041491,0.7304877157654213,새롭다
0.2976300328925594,0.2437734501783079,0.37973105075397384,0.11853767025967007,0.6136056836372511,0.2912631867142154,0.38932099116857893,0.94905071927737,0.7297336154174082,0.1247457654406751,0.31507222093799414,0.388581884174683,0.42201237607787895,0.24380891494871892,0.16292963777029876,1.0,0.7847936366612195,0.833619920757553,0.8138302411830799,0.006532662720747174,0.13800661161193228,0.016184376888165982,0.0881904399642201,0.19393541425288752,0.16110138466550736,0.03842676545345461,0.17726410039629656,0.1215512074735397,0.133504251205412,0.09063796742604655,0.3657265659200065,1.0,-0.26168099560667074,-0.4179062795705102,0.1530292066242491,0.044980161163441085,-0.42662192935050347,-0.10348036447391254,0.6256386078041004,-0.0014653455754937757,-0.005778435561013283,-0.09040399295228735,-0.386884909166746,-0.1204926159259531,-0.16934103941083725,-0.7048607330536149,-0.2104717637642672,0.07347027168793256,-0.8575526472662232,-0.30426239120178905,-0.15496658341824177,-0.6630569498342932,-0.12110770636633675,-0.6014784897010194,-1.2448910263728752,-0.39655699317357096,0.21099910401616076,-0.9687560372527206,-0.13034998423775407,-0.15465734466095482,-1.6904105036427703,-0.3801137216984087,0.012220485518145701,-0.8672638879299912,-0.10820051734493638,-0.2822641788034372,-2.0670894440260286,-0.23783993013355847,0.3531165453516986,-0.5660546243127097,-0.16457737074816048,0.017898673033981002,-1.7894934956440018,-0.264092668923008,0.7057607707041491,0.7304877157654213,새롭다
0.5254075444745678,0.48411970068530163,0.33758620925754873,0.4087816314996583,0.13548983557772734,0.44545980879351477,0.5556336628767786,0.5474616947615352,0.13889945073069995,0.24101619542380157,0.30904803576835455,0.29094155152450935,0.10070980762433411,0.6814346438925819,0.688120395950463,1.0,0.26941152790278433,0.2685631130413208,0.7007245377876685,0.010598786933306978,0.03851020389510557,0.20032061194879028,0.2250062260272795,0.2877297594574574,0.33513394611725056,0.12824243861774826,0.08041580394906551,0.3911819956586901,0.24885482359198885,0.5819260652029487,0.76351609922187,1.0,-0.159554050361904,-0.3626589582740321,0.1726956262402582,-0.02602664827653457,-0.399248586752615,-0.09505692526958419,0.5612515362167229,-0.019472261077522562,-0.012318537333883979,-0.3045232637590686,-0.31955384322749,-0.16910215905983766,-0.26860542237589063,-0.5165539546390144,-0.2754315153029382,-0.41432430182071284,-0.6447275402388066,-0.2898396230741012,0.11792484252315405,-1.0084640126380329,-0.058257517532537335,-0.2270117664167804,-1.4835332650074367,-0.2510433270916499,-0.13975458374043054,-0.9810640622860818,-0.13409683819639484,-0.23067339855410282,-1.4307785193132152,-0.31463064670314894,0.26533169332627593,-0.6528741741948263,-0.07965299752981457,-0.0689670176066143,-1.4717655836088406,-0.3260605699053359,0.07614227555482796,-0.7656251794520759,-0.1261233761468733,0.05735976329962939,-1.3816362303348493,-0.2966796101340181,0.7057607707041491,0.7304877157654213,새롭다
0.735576954327297,0.09112274989453056,0.21438141368209454,0.241915682605434,0.33419363785187717,0.5220987226294793,0.5286876216166088,0.47565483509436074,0.12925942563432713,0.14780096765800682,0.2353689968119875,0.48837899382425476,0.11356998659749218,0.1830731769603152,0.4577490640033172,1.0,0.5069518868035284,0.2475747066260141,0.33581452936860756,0.2235718407839321,0.35970249444845454,0.0889139904297952,0.20112330810010812,0.584259391014331,0.7230125852781788,0.17512429980461428,0.06345756653420306,0.6916767075174377,0.3983380466130753,0.08980199059559078,0.9074762224354392,1.0,-0.2591186544175372,-0.5319343592587114,0.1606946491717472,-0.008547444562242662,-0.5159805503161679,-0.06988521908025763,0.6060966687327781,0.016764072089857616,0.008758048690961995,0.029004746177612672,-0.16547150804189995,-0.2095210771712669,-0.10739704944275842,-0.3961462555333612,-0.29219360253058635,-0.09422282753614472,-0.5127825900406399,-0.3846057815148835,-0.023444575494098684,-0.6706311224452862,-0.07615127561684557,-0.4914648868701597,-1.2702434278637058,-0.398445733186325,0.048740026316285094,-0.9906478553993069,-0.12744110964457986,-0.4019914823340289,-1.7638453322128007,-0.49244520533590935,0.18079497159288538,-0.835986884465895,-0.14843268704290175,-0.11978382827728867,-1.7811953690196856,-0.4045746640060742,0.3174845721737392,-0.7478582088217761,-0.16316549579133255,0.007318784414038241,-1.3763149215999777,-0.3109196570802275,0.7057607707041491,0.7304877157654213,새롭다
0.3147708465171723,0.6560573715729254,0.30264173591160337,0.028244096651808288,0.21395056463595857,0.2637215059790273,0.19291862885532815,0.27870744406380404,0.30896884571868727,0.268634221015282,0.2542629598277796,0.5010670962353359,0.37103805591524947,0.22828684048977466,0.25696960886360315,1.0,0.6172494905881015,0.4163999089678951,0.47907848212681586,0.08344796068972771,0.15285125921039588,0.4605211510819362,0.12454617375201381,0.04422802466830043,0.9256911830503347,0.29207474161499775,0.16695629624120725,0.18809856130021574,0.16865681279921724,0.1914430231597052,0.22630805372056087,1.0,-0.05159804711364587,-0.37020519622773496,0.15289340398089407,0.08699904383179398,-0.41500899928998164,-0.07416761333133015,0.5627692720468237,-0.025160164652013726,0.010823213394231205,-0.5984752062984188,-0.6473593184985371,-0.2253499125697508,-0.44347762782221123,-0.7903289733978195,-0.2867343431072119,-0.4757565148858222,-1.092965717491217,-0.29640085212490735,-0.4038127192514417,-1.0842515097921859,-0.1306669334613339,-0.4731358343289636,-1.6240335392409848,-0.319112541549,-0.4277423352301716,-0.9011978675494405,-0.0698491100600458,-0.6130131502290451,-1.7423396064970527,-0.2990417406492903,-0.6471757680097728,-0.9781135391406521,-0.08765606215104578,-0.31891610778441554,-1.9248132477233142,-0.3104194713018153,-0.2087474028237811,-1.0987216058312366,-0.08309569914270305,-0.21256338894741908,-1.7942502080953393,-0.3253839907564174,0.7057607707041491,0.7304877157654213,새롭다
0.053877772171284054,0.05503961113530779,0.05287387437724619,0.07360887821870728,0.04883839645494486,0.02499315504913695,0.042569852103622505,0.024475769463104983,0.017049210382757824,0.056757596237857345,0.008027864553987034,0.023423410361856422,0.08902293324609628,0.03571600829153872,0.014715412358180812,1.0,0.11302664462522345,0.0813542652677868,0.10003592528102317,0.01932028179569263,0.013750500001011615,0.01172592597520215,0.020857243172124434,0.011373680883767966,0.02362396856161934,0.0664053501324314,0.024323773442680698,0.02905814396326866,0.048617122941111174,0.023585902177922988,0.024009724139167358,1.0,-0.16462670677493957,-0.4271476747131344,0.15253509428269668,-0.01804930117650116,-0.43843281961747377,0.1586185365148471,0.5688664831806572,0.0020302506208238792,4.542356322189932e-07,-0.22496528217631376,-0.42633250706287695,-0.10001024548354372,-0.30492814158161774,-0.5765039051431098,-0.1776038961411525,-0.40541888015075234,-0.7039319899344281,-0.26000532181720126,-0.2721119818682666,-0.9201866739376378,-0.05162491127429854,-0.5268725492247681,-1.6600236992363553,-0.3307189997283013,-0.19617799392523702,-0.9752829380165335,-0.10167293402527434,-0.4578193617832611,-1.9705399523130227,-0.3635850751557638,-0.07959469623411049,-0.9644089916808966,-0.16351826035185293,-0.342859187335389,-1.9555986265171568,-0.3810674279900528,0.08406830168431996,-0.8999043110844639,-0.2300855395005636,-0.11960762236283495,-1.6965043512637077,-0.3638916366597095,0.7219570917627386,0.7343244303483183,새롭다
0.25411447367924367,0.30583967869056894,0.7266903734904294,0.11884583501855223,0.33895445692408843,0.5507073433088371,0.22732251993254013,0.35142378122099366,0.5181231893004712,0.6972520169496811,0.6335672081803448,0.4710348572465294,0.6829442241539129,0.61653922421289,0.6754641291854949,1.0,0.0982754237137607,0.566267632266676,0.6196459228393918,0.14302804744726244,0.04903031366277322,0.16316022063314414,0.11421578749723925,0.09161749685144016,0.08201421658850436,0.03302568805006766,0.07336251221738714,0.20092422218598724,0.17136354657508465,0.24614064010262654,0.28169507311450176,1.0,-0.11060706880714968,-0.513736105451126,0.16148142020322034,-0.10382695161304284,-0.5026876383210479,0.15874331693826807,0.5127018052087797,0.01822181246555052,-0.005088079877807479,-0.36501174943983716,-0.5108261428587058,-0.15859743604137314,-0.6529322140344285,-0.31579021619894276,-0.28068277441149303,-0.5022807338157534,-0.35858580988408284,-0.3589451899796655,-0.1509008216744445,-1.1307355063076134,-0.05174842930800638,-0.7497155703086215,-2.6876537280597397,-0.5606335345665838,0.11278719211272994,-0.9788845018011888,-0.17048220267454492,-0.16256061442359468,-2.727217809267889,-0.6721858302283014,-0.18129882991690596,-1.38373206298167,-0.3147660084022936,-0.6933842152246256,-2.821124397922927,-0.6675641888666495,-0.18269993421114009,-1.4735735772679674,-0.4201343695087072,0.12206123747894901,-1.8978001833942642,-0.5932505159646635,0.7219570917627386,0.7343244303483183,새롭다
0.18964464998575634,0.7130604763522111,0.6857658021315175,0.28883107051389445,0.55210015007232,0.8011706917285574,0.09754165355291533,0.09511586371764694,0.2142028873066944,0.19699064267978622,0.27197336921437754,0.5951108163794686,0.22938905005527255,0.5051268932522969,0.5554394866419808,1.0,0.5682569521892079,0.15353582733658083,0.20441511411214394,0.05100399928834769,0.6416973099974521,0.6743644265426465,0.08136823731762834,0.08589843679022878,0.3806600439908434,0.20356424012431842,0.10309616766818458,0.4784861816751365,0.22597874236198034,0.3805034630273244,0.11477800788049007,1.0,-0.21545487162977983,-0.3329663860289467,0.16606259014620792,0.103497040232844,-0.4789030396120605,0.17979636192444778,0.6316251622728981,-0.08860622018281744,0.004458043975510915,-0.07951219085639566,-0.5962854081001585,-0.11027720060921697,-0.28908679374398527,-0.4784617206217,-0.11351514975881431,-0.2518978772771993,-0.8053794106002282,-0.22331041058947618,-0.12010357388335234,-0.774527361185936,-0.04226505164335978,-0.3536468294017345,-1.254959280721163,-0.2538073170734396,-0.09262560257819767,-0.9903940853850858,-0.10266476212053072,-0.2415117665002909,-1.7044677501242051,-0.24471871161723865,0.09905362431360311,-0.7354290296425894,-0.14460440782639078,-0.20484886402964475,-1.549680543563672,-0.2991685648260202,0.37766589911945425,-0.7227583613850896,-0.2045845896265015,-0.10612119985016485,-1.5410388498321532,-0.2762512356163434,0.7219570917627386,0.7343244303483183,새롭다
0.5233070491290127,0.7831751460998572,0.4924561277229144,0.12567210254923616,0.19015357971923133,0.6542618301337962,0.23414487081674407,0.4847251708333894,0.45915062948862256,0.2393304263595801,0.21647407048163742,0.2885516814262626,0.17012943176861936,0.2990799052939907,0.46755664307935835,1.0,0.389168730380566,0.5973855892962547,0.6540786787332018,0.016362715451488256,0.11018233661637261,0.18940192840932343,0.1190029196652485,0.11679574612043714,0.5419730561450756,0.1526957943636244,0.1902543919372766,0.40481282508268,0.03762466802792693,0.26856213987860117,0.500707347135073,1.0,-0.19345185693999312,-0.4264976159317755,0.17213207345504075,-0.04904287435384723,-0.40530212413022243,0.14362268650398463,0.5683910519164013,0.024258432706808247,-0.019955536954116084,-0.09877719396548695,-0.33962866070053677,-0.10093702719782989,-0.4500449597606612,-0.28857542778628353,-0.13450933085924163,-0.5037035346374629,-0.6691581432732068,-0.2530541639737042,-0.13170077518397602,-0.8492329923963854,-0.14205932378921513,-0.5856487880965965,-1.3561734741142493,-0.3772144589768541,-0.010838036060123032,-0.9906718559108776,-0.13583744285158214,-0.6546913216807524,-1.9845633003582785,-0.33744158566448557,-0.22618436616155016,-0.9158333178169983,-0.16489519751187248,-0.3179767333662793,-1.4999561650376612,-0.3503378267324592,0.024763180120761383,-0.9416405381071199,-0.2177529057478343,-0.22980054762071728,-1.5887442454227891,-0.3899092482007388,0.7219570917627386,0.7343244303483183,새롭다
0.4873388663542266,0.038672960064203246,0.4543427844302865,0.11610053000796636,0.5906030324053125,0.7121355878448261,0.1668472580673945,0.22297003029774884,0.11874469098538977,0.19293573416648552,0.13877446450001993,0.19960990820166152,0.16000575811856396,0.14503196034410926,0.31792126566515727,1.0,0.5836137912350873,0.6160103679941537,0.5625392793126341,0.30730950093221887,0.3011019931041466,0.2970710165103947,0.14072315036873628,0.14054064987000484,0.08245042571313967,0.06491300203715519,0.18786612989086682,0.1112385455289849,0.3552664936292852,0.36157325210432273,0.10724001008749184,1.0,-0.12231000200138861,-0.49817734236194194,0.17333898417316765,-0.024423598448575338,-0.45916756572423845,0.17596434226053587,0.5496956819590153,0.038305476649580616,-0.0019835494753776247,-0.3712575486670158,0.06531163470613531,-0.14245406658796853,-0.6313408982438068,-0.35303426584275127,-0.23772954664383988,-0.49002563604584376,-0.4582873248998481,-0.3027082352931791,-0.48450374079717873,-0.6343469357614637,-0.11478505695042598,-0.9850782595669729,-1.3550129824274206,-0.36951658570638674,-0.6254298856979074,-0.7466891583312744,-0.22647904738945704,-1.231931139106866,-1.631955797642512,-0.4018846428571655,-0.37689046371424767,-1.1210378610061098,-0.19949335713542904,-1.2401982552829842,-2.069325352644008,-0.44210509510530804,-0.21428111949996034,-0.7351908952147094,-0.26631434019967304,-0.3770602597410699,-1.6983948639225672,-0.4432800507855324,0.7219570917627386,0.7343244303483183,새롭다
0.3087719396472728,0.5979363909940263,0.5924284059951515,0.06703356085361016,0.18366047013969505,0.3311552775203541,0.2966593512577626,0.6702872004064659,0.6070695793679968,0.07142746231544608,0.1257028440345401,0.9164750991764921,0.26410708734154786,0.11235622220315801,0.09592832281600647,1.0,0.426825717401789,0.8295112235731971,0.5403850977889967,0.37394330209416726,0.6642129424373947,0.47418639356401215,0.09642776835636196,0.16027376646511068,0.16795860678141586,0.17004775555035112,0.37052634562013465,0.541278189088379,0.1909035069617555,0.3727724672006859,0.6737917339536156,1.0,-0.20337358922624002,-0.46385859100287324,0.1580617535141467,-0.17042109827153926,-0.41475941514461995,0.15789272659000314,0.5239303140485215,0.044061232624660156,-0.003604608187133503,0.25057541406866435,-0.3598701503564836,-0.1411792818480613,-0.17678758588576463,-0.6425555794629284,-0.14534537305165224,-0.06614989864480292,-0.7144401492558402,-0.2682104682362102,-0.024805462616357944,-0.770244793071089,-0.07992485887182069,-0.17767630583655428,-1.5779484486951185,-0.30884034188518256,-0.2697315564851814,-0.9524899153625154,-0.1414491023965508,-0.06785136523772206,-1.743198862406041,-0.3644363128060701,0.11706485056631062,-0.6693715159604569,-0.09713511548240192,-0.06512054067291631,-1.536973135827687,-0.35297024733513843,0.4719552181746723,-0.6415961430612178,-0.20926576101899813,0.22686273696677667,-1.4004401756378198,-0.30717513894342197,0.7219570917627386,0.7343244303483183,새롭다
0.41235373547414855,0.5697261091460102,0.3600319119301578,0.12577715481580815,0.3482291621035482,0.49146831883145276,0.3045431282297418,0.38646690143085743,0.1054050998048706,0.19271452991230764,0.10454344222279263,0.22227295548060141,0.18800744548361584,0.707094750120413,0.7708459020401408,1.0,0.2602428498252518,0.20800868188585894,0.5580152669600503,0.1546436694942091,0.24467799234544949,0.34629421267727784,0.1653742081426175,0.079251820230489,0.2249318011413973,0.208645852728442,0.19548814333112938,0.09525312717391321,0.23794206575132654,0.22042858948290023,0.3725657490279043,1.0,-0.22725018597234126,-0.30075221623262355,0.15729150462243988,-0.025785737134693277,-0.5334010036895007,0.15575110831391106,0.5903119358159232,-0.14912329903115903,-0.004395480266250531,-0.08326916889609785,-0.5259543104554192,-0.07444618590818157,-0.24608498925698669,-0.6931949661160368,-0.13287018466514985,-0.23017058658725675,-0.739360588809506,-0.21967561624037374,-0.3303606037798991,-0.8622415454126138,-0.05178562692713193,-0.5399823154075232,-1.4411318885870368,-0.272116304666454,-0.2757361036209908,-0.9577510731132359,-0.08174645625566554,-0.5817858446343911,-1.8703125105071474,-0.2537763415849833,-0.19985921805269916,-1.0831727896676728,-0.09245457484177415,-0.6674090622399601,-1.5661775009667365,-0.3076175356285121,-0.11213429168294606,-0.9096969673617511,-0.1869631428787865,-0.11609092876190664,-1.2620761850351632,-0.31369182802581774,0.7219570917627386,0.7343244303483183,새롭다
0.9134260254075943,0.6628340662448188,0.07872560783761187,0.25634818296457657,0.21645092348431894,0.15466642285716553,0.14883707657385806,0.26247280567893716,0.2666899824560044,0.22004618431947912,0.03714748316741245,0.6086300415689601,0.583312809275669,0.6211061132406717,0.45947332892123677,1.0,0.49032644806485987,0.7470774020944825,0.6402277485219764,0.37045964500406814,0.37836936030118257,0.15462413151038953,0.06587987814622992,0.1587263752190932,0.5095751685725095,0.2975641367241225,0.4526228275655101,0.584196704513066,0.29252845110674763,0.5963153767073647,0.6292883508481713,1.0,-0.2427123536120458,-0.5533651543383441,0.15309893565171032,0.018309325661477735,-0.4729175265132005,0.1379843188577719,0.6120329876425668,0.07127042630229238,-0.01219441350250859,-0.003834589054380363,-0.21435596524085904,-0.012330964406166179,-0.31449520532956177,-0.22753186107227244,-0.24967315437897136,-0.5566181866309782,-0.24511012724281864,-0.3540296467154569,-0.43478263887799223,-0.9123737049124307,-0.12075954570546302,-0.6346587207411916,-1.7489964049586042,-0.5368630709967259,-0.30575077114779686,-0.947572309930508,-0.0928610973200772,-0.5741309488520612,-2.378787298694231,-0.44312112997274694,-0.3151749726168427,-0.7745938771956014,-0.2776721902429231,-0.5828173628317026,-1.8248394459710109,-0.487238633201546,0.4655430333370824,-1.085471131832587,-0.41391252514028887,-0.14721637321928685,-1.7379001676871877,-0.4073611744276939,0.7219570917627386,0.7343244303483183,새롭다
0.33992257232979517,0.4558263436351645,0.3587899703497569,0.5415167312732164,0.6132324277077185,0.7297214272826653,0.07933508787757929,0.05240628695183138,0.784107853071624,0.2014664004544931,0.43123436553039024,0.6865591911882354,0.308307577019677,0.5238699361123477,0.41495280003391577,1.0,0.33014805423802607,0.15337269020725733,0.8204232101726571,0.09959914562098729,0.6144766805763109,0.6309544855383784,0.28681442923017186,0.1864603701220396,0.7752547545058638,0.16346494580098642,0.33836262474879464,0.2779557052878159,0.4065123123792697,0.4359632866610532,0.1851581889938713,1.0,-0.15577842987724178,-0.33756858781930754,0.15857731059675245,-0.052425524101946466,-0.4949897944447251,0.13515816480601323,0.5520808453955564,-0.09747602647978401,-0.01697259018165812,-0.09677072677545054,-0.3975900251595642,-0.10530364561576425,-0.40327400697275456,-0.5529131913894949,-0.14996164081604718,-0.4615653582747987,-0.5251572972870324,-0.2538931938719476,-0.41619451090494425,-0.9148133007619818,-0.04442437478415475,-0.6099556323959907,-1.178434975423681,-0.3043701571235948,-0.3324084749873232,-0.9351460756708535,-0.12250070576941403,-0.48605817867172213,-1.5214273312023958,-0.2627047097489607,-0.20007928680715206,-0.8707427857702403,-0.12356391288387387,-0.4209894715688176,-1.6022091181645859,-0.3056335727422173,-0.22877730851825054,-0.8731965277774115,-0.14860027988440902,-0.3761167934105958,-1.403199730248637,-0.28453034109788594,0.7219570917627386,0.7343244303483183,새롭다
0.09904349357089441,0.08085308876310336,0.04475138377023555,0.07722331408138226,0.02172572667276726,0.033572405375451114,0.03907818430053655,0.00704566744209461,0.017551493927637975,0.05144582818752712,0.00605259197553199,0.025528025097319645,0.10138587269422362,0.02653882367653723,0.01632075436471915,1.0,0.1146778285300614,0.09013257998756094,0.10607102073122573,0.025245545350047256,0.0064689798965558865,0.009269105176021076,0.01751604049145392,0.016054521599537956,0.023895524613417714,0.07259708431708263,0.0275591874067742,0.025778217452711187,0.05482431011002444,0.019776911348294842,0.020089193009486084,1.0,-0.19279807838493568,-0.4504952841176387,0.02649969462565417,-0.005055224483252042,-0.3922716005265774,-0.029737629265048998,0.5805844252950404,0.0139518267232836,6.096549896027836e-07,-0.2791855810906721,-0.45955389536476765,0.04661732865797522,-0.31860048164365806,-0.59330893373342,0.009029475410266894,-0.36893778294135143,-0.710582515484268,-0.03704654992433126,-0.29060349522884826,-0.9192032478111425,0.014570344520760052,-0.556839531721184,-1.7481856426724587,-0.19610790820022864,-0.20080284531162454,-0.9770435236915473,-0.07116298284333164,-0.48194313799802274,-2.0924573636948827,-0.28561004487575536,-0.07460234753710472,-0.9712844396625199,-0.16021211810457275,-0.36390589959431674,-2.0710560299036884,-0.34532621430303406,0.10166011301831171,-0.9096330757752331,-0.24397227447753453,-0.10938542105491744,-1.787358063050809,-0.36493428008658485,0.7320793463727014,0.7197057553738802,새롭다
